<?xml version="1.0" encoding="UTF-8" ?>
<!-- This is a WordPress eXtended RSS file generated by WordPress as an export of your site. -->
<!-- It contains information about your site's posts, pages, comments, categories, and other content. -->
<!-- You may use this file to transfer that content from one site to another. -->
<!-- This file is not intended to serve as a complete backup of your site. -->

<!-- To import this information into a WordPress site follow these steps: -->
<!-- 1. Log in to that site as an administrator. -->
<!-- 2. Go to Tools: Import in the WordPress admin panel. -->
<!-- 3. Install the "WordPress" importer from the list. -->
<!-- 4. Activate & Run Importer. -->
<!-- 5. Upload this file using the form provided on that page. -->
<!-- 6. You will first be asked to map the authors in this export file to users -->
<!--    on the site. For each author, you may choose to map to an -->
<!--    existing user on the site or to create a new user. -->
<!-- 7. WordPress will then import each of the posts, pages, comments, categories, etc. -->
<!--    contained in this file into your site. -->

<!-- generator="WordPress/4.7.2" created="2017-02-19 03:04" -->
<rss version="2.0"
	xmlns:excerpt="http://wordpress.org/export/1.2/excerpt/"
	xmlns:content="http://purl.org/rss/1.0/modules/content/"
	xmlns:wfw="http://wellformedweb.org/CommentAPI/"
	xmlns:dc="http://purl.org/dc/elements/1.1/"
	xmlns:wp="http://wordpress.org/export/1.2/"
>

<channel>
	<title>Restaurant</title>
	<link>http://themenectar.com/demo/salient-restaurant</link>
	<description>Just another WordPress site</description>
	<pubDate>Sun, 19 Feb 2017 03:04:37 +0000</pubDate>
	<language>en-US</language>
	<wp:wxr_version>1.2</wp:wxr_version>
	<wp:base_site_url>http://themenectar.com/demo/salient-restaurant</wp:base_site_url>
	<wp:base_blog_url>http://themenectar.com/demo/salient-restaurant</wp:base_blog_url>

	<wp:author><wp:author_id>1</wp:author_id><wp:author_login><![CDATA[themenectar]]></wp:author_login><wp:author_email><![CDATA[themenectar@gmail.com]]></wp:author_email><wp:author_display_name><![CDATA[themenectar]]></wp:author_display_name><wp:author_first_name><![CDATA[]]></wp:author_first_name><wp:author_last_name><![CDATA[]]></wp:author_last_name></wp:author>

	<wp:category>
		<wp:term_id>1</wp:term_id>
		<wp:category_nicename><![CDATA[uncategorized]]></wp:category_nicename>
		<wp:category_parent><![CDATA[]]></wp:category_parent>
		<wp:cat_name><![CDATA[Uncategorized]]></wp:cat_name>
	</wp:category>
	<wp:term><wp:term_id>2</wp:term_id><wp:term_taxonomy>nav_menu</wp:term_taxonomy><wp:term_slug><![CDATA[restaurant-menu]]></wp:term_slug><wp:term_name><![CDATA[Restaurant Menu]]></wp:term_name>
</wp:term>

	<generator>https://wordpress.org/?v=4.7.2</generator>

	<item>
		<title>restaurant-demo-image-1</title>
		<link>http://themenectar.com/demo/salient-restaurant/restaurant-demo-image-1/</link>
		<pubDate>Fri, 03 Feb 2017 00:16:54 +0000</pubDate>
		<dc:creator><![CDATA[themenectar]]></dc:creator>
		<guid isPermaLink="false">http://themenectar.com/demo/dummy-data-imgs/restaurant/LhXav-tQkL4.jpg</guid>
		<description></description>
		<content:encoded><![CDATA[]]></content:encoded>
		<excerpt:encoded><![CDATA[]]></excerpt:encoded>
		<wp:post_id>901</wp:post_id>
		<wp:post_date><![CDATA[2017-02-03 00:16:54]]></wp:post_date>
		<wp:post_date_gmt><![CDATA[2017-02-03 00:16:54]]></wp:post_date_gmt>
		<wp:comment_status><![CDATA[open]]></wp:comment_status>
		<wp:ping_status><![CDATA[closed]]></wp:ping_status>
		<wp:post_name><![CDATA[restaurant-demo-image-1]]></wp:post_name>
		<wp:status><![CDATA[inherit]]></wp:status>
		<wp:post_parent>0</wp:post_parent>
		<wp:menu_order>0</wp:menu_order>
		<wp:post_type><![CDATA[attachment]]></wp:post_type>
		<wp:post_password><![CDATA[]]></wp:post_password>
		<wp:is_sticky>0</wp:is_sticky>
		<wp:attachment_url><![CDATA[http://themenectar.com/demo/dummy-data-imgs/restaurant/LhXav-tQkL4.jpg]]></wp:attachment_url>
		<wp:postmeta>
			<wp:meta_key><![CDATA[_wp_attached_file]]></wp:meta_key>
			<wp:meta_value><![CDATA[2017/02/restaurant-demo-image-1.jpg]]></wp:meta_value>
		</wp:postmeta>
		<wp:postmeta>
			<wp:meta_key><![CDATA[_wp_attachment_metadata]]></wp:meta_key>
			<wp:meta_value><![CDATA[a:5:{s:5:"width";i:1080;s:6:"height";i:730;s:4:"file";s:17:"2017/02/restaurant-demo-image-1.jpg";s:5:"sizes";a:14:{s:9:"thumbnail";a:4:{s:4:"file";s:17:"restaurant-demo-image-1-150x150.jpg";s:5:"width";i:150;s:6:"height";i:150;s:9:"mime-type";s:10:"image/jpeg";}s:6:"medium";a:4:{s:4:"file";s:17:"restaurant-demo-image-1-286x300.jpg";s:5:"width";i:286;s:6:"height";i:300;s:9:"mime-type";s:10:"image/jpeg";}s:12:"medium_large";a:4:{s:4:"file";s:17:"restaurant-demo-image-1-768x806.jpg";s:5:"width";i:768;s:6:"height";i:806;s:9:"mime-type";s:10:"image/jpeg";}s:5:"large";a:4:{s:4:"file";s:18:"restaurant-demo-image-1-976x1024.jpg";s:5:"width";i:976;s:6:"height";i:1024;s:9:"mime-type";s:10:"image/jpeg";}s:15:"portfolio-thumb";a:4:{s:4:"file";s:17:"restaurant-demo-image-1-600x403.jpg";s:5:"width";i:600;s:6:"height";i:403;s:9:"mime-type";s:10:"image/jpeg";}s:21:"portfolio-thumb_small";a:4:{s:4:"file";s:17:"restaurant-demo-image-1-400x269.jpg";s:5:"width";i:400;s:6:"height";i:269;s:9:"mime-type";s:10:"image/jpeg";}s:16:"portfolio-widget";a:4:{s:4:"file";s:17:"green-100x100.jpg";s:5:"width";i:100;s:6:"height";i:100;s:9:"mime-type";s:10:"image/jpeg";}s:4:"wide";a:4:{s:4:"file";s:18:"restaurant-demo-image-1-1000x500.jpg";s:5:"width";i:1000;s:6:"height";i:500;s:9:"mime-type";s:10:"image/jpeg";}s:10:"wide_small";a:4:{s:4:"file";s:17:"restaurant-demo-image-1-670x335.jpg";s:5:"width";i:670;s:6:"height";i:335;s:9:"mime-type";s:10:"image/jpeg";}s:7:"regular";a:4:{s:4:"file";s:17:"restaurant-demo-image-1-500x500.jpg";s:5:"width";i:500;s:6:"height";i:500;s:9:"mime-type";s:10:"image/jpeg";}s:13:"regular_small";a:4:{s:4:"file";s:17:"restaurant-demo-image-1-350x350.jpg";s:5:"width";i:350;s:6:"height";i:350;s:9:"mime-type";s:10:"image/jpeg";}s:4:"tall";a:4:{s:4:"file";s:18:"restaurant-demo-image-1-500x1000.jpg";s:5:"width";i:500;s:6:"height";i:1000;s:9:"mime-type";s:10:"image/jpeg";}s:9:"wide_tall";a:4:{s:4:"file";s:19:"restaurant-demo-image-1-1000x1000.jpg";s:5:"width";i:1000;s:6:"height";i:1000;s:9:"mime-type";s:10:"image/jpeg";}s:14:"large_featured";a:4:{s:4:"file";s:18:"restaurant-demo-image-1-1155x700.jpg";s:5:"width";i:1155;s:6:"height";i:700;s:9:"mime-type";s:10:"image/jpeg";}}s:10:"image_meta";a:12:{s:8:"aperture";s:1:"0";s:6:"credit";s:0:"";s:6:"camera";s:0:"";s:7:"caption";s:0:"";s:17:"created_timestamp";s:1:"0";s:9:"copyright";s:16:"@joelbearstudios";s:12:"focal_length";s:1:"0";s:3:"iso";s:1:"0";s:13:"shutter_speed";s:1:"0";s:5:"title";s:0:"";s:11:"orientation";s:1:"0";s:8:"keywords";a:0:{}}}]]></wp:meta_value>
		</wp:postmeta>
		<wp:postmeta>
			<wp:meta_key><![CDATA[nectar_image_gal_url]]></wp:meta_key>
			<wp:meta_value><![CDATA[]]></wp:meta_value>
		</wp:postmeta>
		<wp:postmeta>
			<wp:meta_key><![CDATA[nectar_image_gal_masonry_sizing]]></wp:meta_key>
			<wp:meta_value><![CDATA[wide_tall]]></wp:meta_value>
		</wp:postmeta>
		<wp:postmeta>
			<wp:meta_key><![CDATA[nectar_particle_shape_bg_color]]></wp:meta_key>
			<wp:meta_value><![CDATA[]]></wp:meta_value>
		</wp:postmeta>
		<wp:postmeta>
			<wp:meta_key><![CDATA[nectar_particle_shape_color]]></wp:meta_key>
			<wp:meta_value><![CDATA[]]></wp:meta_value>
		</wp:postmeta>
		<wp:postmeta>
			<wp:meta_key><![CDATA[nectar_particle_shape_color_mapping]]></wp:meta_key>
			<wp:meta_value><![CDATA[original]]></wp:meta_value>
		</wp:postmeta>
		<wp:postmeta>
			<wp:meta_key><![CDATA[nectar_particle_shape_color_alpha]]></wp:meta_key>
			<wp:meta_value><![CDATA[original]]></wp:meta_value>
		</wp:postmeta>
		<wp:postmeta>
			<wp:meta_key><![CDATA[nectar_particle_shape_density]]></wp:meta_key>
			<wp:meta_value><![CDATA[very_low]]></wp:meta_value>
		</wp:postmeta>
		<wp:postmeta>
			<wp:meta_key><![CDATA[nectar_particle_max_particle_size]]></wp:meta_key>
			<wp:meta_value><![CDATA[]]></wp:meta_value>
		</wp:postmeta>
	</item>
	<item>
		<title>restaurant-demo-image-2</title>
		<link>http://themenectar.com/demo/salient-restaurant/restaurant-demo-image-2/</link>
		<pubDate>Fri, 03 Feb 2017 00:16:54 +0000</pubDate>
		<dc:creator><![CDATA[themenectar]]></dc:creator>
		<guid isPermaLink="false">http://themenectar.com/demo/dummy-data-imgs/restaurant/jjZsHhEtees.jpg</guid>
		<description></description>
		<content:encoded><![CDATA[]]></content:encoded>
		<excerpt:encoded><![CDATA[]]></excerpt:encoded>
		<wp:post_id>902</wp:post_id>
		<wp:post_date><![CDATA[2017-02-03 00:16:54]]></wp:post_date>
		<wp:post_date_gmt><![CDATA[2017-02-03 00:16:54]]></wp:post_date_gmt>
		<wp:comment_status><![CDATA[open]]></wp:comment_status>
		<wp:ping_status><![CDATA[closed]]></wp:ping_status>
		<wp:post_name><![CDATA[restaurant-demo-image-2]]></wp:post_name>
		<wp:status><![CDATA[inherit]]></wp:status>
		<wp:post_parent>0</wp:post_parent>
		<wp:menu_order>0</wp:menu_order>
		<wp:post_type><![CDATA[attachment]]></wp:post_type>
		<wp:post_password><![CDATA[]]></wp:post_password>
		<wp:is_sticky>0</wp:is_sticky>
		<wp:attachment_url><![CDATA[http://themenectar.com/demo/dummy-data-imgs/restaurant/jjZsHhEtees.jpg]]></wp:attachment_url>
		<wp:postmeta>
			<wp:meta_key><![CDATA[_wp_attached_file]]></wp:meta_key>
			<wp:meta_value><![CDATA[2017/02/restaurant-demo-image-2.jpg]]></wp:meta_value>
		</wp:postmeta>
		<wp:postmeta>
			<wp:meta_key><![CDATA[_wp_attachment_metadata]]></wp:meta_key>
			<wp:meta_value><![CDATA[a:5:{s:5:"width";i:1080;s:6:"height";i:730;s:4:"file";s:17:"2017/02/restaurant-demo-image-2.jpg";s:5:"sizes";a:14:{s:9:"thumbnail";a:4:{s:4:"file";s:17:"restaurant-demo-image-2-150x150.jpg";s:5:"width";i:150;s:6:"height";i:150;s:9:"mime-type";s:10:"image/jpeg";}s:6:"medium";a:4:{s:4:"file";s:17:"restaurant-demo-image-2-286x300.jpg";s:5:"width";i:286;s:6:"height";i:300;s:9:"mime-type";s:10:"image/jpeg";}s:12:"medium_large";a:4:{s:4:"file";s:17:"restaurant-demo-image-2-768x806.jpg";s:5:"width";i:768;s:6:"height";i:806;s:9:"mime-type";s:10:"image/jpeg";}s:5:"large";a:4:{s:4:"file";s:18:"restaurant-demo-image-2-976x1024.jpg";s:5:"width";i:976;s:6:"height";i:1024;s:9:"mime-type";s:10:"image/jpeg";}s:15:"portfolio-thumb";a:4:{s:4:"file";s:17:"restaurant-demo-image-2-600x403.jpg";s:5:"width";i:600;s:6:"height";i:403;s:9:"mime-type";s:10:"image/jpeg";}s:21:"portfolio-thumb_small";a:4:{s:4:"file";s:17:"restaurant-demo-image-2-400x269.jpg";s:5:"width";i:400;s:6:"height";i:269;s:9:"mime-type";s:10:"image/jpeg";}s:16:"portfolio-widget";a:4:{s:4:"file";s:17:"green-100x100.jpg";s:5:"width";i:100;s:6:"height";i:100;s:9:"mime-type";s:10:"image/jpeg";}s:4:"wide";a:4:{s:4:"file";s:18:"restaurant-demo-image-2-1000x500.jpg";s:5:"width";i:1000;s:6:"height";i:500;s:9:"mime-type";s:10:"image/jpeg";}s:10:"wide_small";a:4:{s:4:"file";s:17:"restaurant-demo-image-2-670x335.jpg";s:5:"width";i:670;s:6:"height";i:335;s:9:"mime-type";s:10:"image/jpeg";}s:7:"regular";a:4:{s:4:"file";s:17:"restaurant-demo-image-2-500x500.jpg";s:5:"width";i:500;s:6:"height";i:500;s:9:"mime-type";s:10:"image/jpeg";}s:13:"regular_small";a:4:{s:4:"file";s:17:"restaurant-demo-image-2-350x350.jpg";s:5:"width";i:350;s:6:"height";i:350;s:9:"mime-type";s:10:"image/jpeg";}s:4:"tall";a:4:{s:4:"file";s:18:"restaurant-demo-image-2-500x1000.jpg";s:5:"width";i:500;s:6:"height";i:1000;s:9:"mime-type";s:10:"image/jpeg";}s:9:"wide_tall";a:4:{s:4:"file";s:19:"restaurant-demo-image-2-1000x1000.jpg";s:5:"width";i:1000;s:6:"height";i:1000;s:9:"mime-type";s:10:"image/jpeg";}s:14:"large_featured";a:4:{s:4:"file";s:18:"restaurant-demo-image-2-1155x700.jpg";s:5:"width";i:1155;s:6:"height";i:700;s:9:"mime-type";s:10:"image/jpeg";}}s:10:"image_meta";a:12:{s:8:"aperture";s:1:"0";s:6:"credit";s:0:"";s:6:"camera";s:0:"";s:7:"caption";s:0:"";s:17:"created_timestamp";s:1:"0";s:9:"copyright";s:16:"@joelbearstudios";s:12:"focal_length";s:1:"0";s:3:"iso";s:1:"0";s:13:"shutter_speed";s:1:"0";s:5:"title";s:0:"";s:11:"orientation";s:1:"0";s:8:"keywords";a:0:{}}}]]></wp:meta_value>
		</wp:postmeta>
		<wp:postmeta>
			<wp:meta_key><![CDATA[nectar_image_gal_url]]></wp:meta_key>
			<wp:meta_value><![CDATA[]]></wp:meta_value>
		</wp:postmeta>
		<wp:postmeta>
			<wp:meta_key><![CDATA[nectar_image_gal_masonry_sizing]]></wp:meta_key>
			<wp:meta_value><![CDATA[regular]]></wp:meta_value>
		</wp:postmeta>
		<wp:postmeta>
			<wp:meta_key><![CDATA[nectar_particle_shape_bg_color]]></wp:meta_key>
			<wp:meta_value><![CDATA[]]></wp:meta_value>
		</wp:postmeta>
		<wp:postmeta>
			<wp:meta_key><![CDATA[nectar_particle_shape_color]]></wp:meta_key>
			<wp:meta_value><![CDATA[]]></wp:meta_value>
		</wp:postmeta>
		<wp:postmeta>
			<wp:meta_key><![CDATA[nectar_particle_shape_color_mapping]]></wp:meta_key>
			<wp:meta_value><![CDATA[original]]></wp:meta_value>
		</wp:postmeta>
		<wp:postmeta>
			<wp:meta_key><![CDATA[nectar_particle_shape_color_alpha]]></wp:meta_key>
			<wp:meta_value><![CDATA[original]]></wp:meta_value>
		</wp:postmeta>
		<wp:postmeta>
			<wp:meta_key><![CDATA[nectar_particle_shape_density]]></wp:meta_key>
			<wp:meta_value><![CDATA[very_low]]></wp:meta_value>
		</wp:postmeta>
		<wp:postmeta>
			<wp:meta_key><![CDATA[nectar_particle_max_particle_size]]></wp:meta_key>
			<wp:meta_value><![CDATA[]]></wp:meta_value>
		</wp:postmeta>
	</item>
	<item>
		<title>restaurant-demo-image-3</title>
		<link>http://themenectar.com/demo/salient-restaurant/restaurant-demo-image-3/</link>
		<pubDate>Fri, 03 Feb 2017 00:16:54 +0000</pubDate>
		<dc:creator><![CDATA[themenectar]]></dc:creator>
		<guid isPermaLink="false">http://themenectar.com/demo/dummy-data-imgs/restaurant/X9Za3VjKIgc.jpg</guid>
		<description></description>
		<content:encoded><![CDATA[]]></content:encoded>
		<excerpt:encoded><![CDATA[]]></excerpt:encoded>
		<wp:post_id>903</wp:post_id>
		<wp:post_date><![CDATA[2017-02-03 00:16:54]]></wp:post_date>
		<wp:post_date_gmt><![CDATA[2017-02-03 00:16:54]]></wp:post_date_gmt>
		<wp:comment_status><![CDATA[open]]></wp:comment_status>
		<wp:ping_status><![CDATA[closed]]></wp:ping_status>
		<wp:post_name><![CDATA[restaurant-demo-image-3]]></wp:post_name>
		<wp:status><![CDATA[inherit]]></wp:status>
		<wp:post_parent>0</wp:post_parent>
		<wp:menu_order>0</wp:menu_order>
		<wp:post_type><![CDATA[attachment]]></wp:post_type>
		<wp:post_password><![CDATA[]]></wp:post_password>
		<wp:is_sticky>0</wp:is_sticky>
		<wp:attachment_url><![CDATA[http://themenectar.com/demo/dummy-data-imgs/restaurant/X9Za3VjKIgc.jpg]]></wp:attachment_url>
		<wp:postmeta>
			<wp:meta_key><![CDATA[_wp_attached_file]]></wp:meta_key>
			<wp:meta_value><![CDATA[2017/02/restaurant-demo-image-3.jpg]]></wp:meta_value>
		</wp:postmeta>
		<wp:postmeta>
			<wp:meta_key><![CDATA[_wp_attachment_metadata]]></wp:meta_key>
			<wp:meta_value><![CDATA[a:5:{s:5:"width";i:1080;s:6:"height";i:730;s:4:"file";s:17:"2017/02/restaurant-demo-image-3.jpg";s:5:"sizes";a:14:{s:9:"thumbnail";a:4:{s:4:"file";s:17:"restaurant-demo-image-3-150x150.jpg";s:5:"width";i:150;s:6:"height";i:150;s:9:"mime-type";s:10:"image/jpeg";}s:6:"medium";a:4:{s:4:"file";s:17:"restaurant-demo-image-3-286x300.jpg";s:5:"width";i:286;s:6:"height";i:300;s:9:"mime-type";s:10:"image/jpeg";}s:12:"medium_large";a:4:{s:4:"file";s:17:"restaurant-demo-image-3-768x806.jpg";s:5:"width";i:768;s:6:"height";i:806;s:9:"mime-type";s:10:"image/jpeg";}s:5:"large";a:4:{s:4:"file";s:18:"restaurant-demo-image-3-976x1024.jpg";s:5:"width";i:976;s:6:"height";i:1024;s:9:"mime-type";s:10:"image/jpeg";}s:15:"portfolio-thumb";a:4:{s:4:"file";s:17:"restaurant-demo-image-3-600x403.jpg";s:5:"width";i:600;s:6:"height";i:403;s:9:"mime-type";s:10:"image/jpeg";}s:21:"portfolio-thumb_small";a:4:{s:4:"file";s:17:"restaurant-demo-image-3-400x269.jpg";s:5:"width";i:400;s:6:"height";i:269;s:9:"mime-type";s:10:"image/jpeg";}s:16:"portfolio-widget";a:4:{s:4:"file";s:17:"green-100x100.jpg";s:5:"width";i:100;s:6:"height";i:100;s:9:"mime-type";s:10:"image/jpeg";}s:4:"wide";a:4:{s:4:"file";s:18:"restaurant-demo-image-3-1000x500.jpg";s:5:"width";i:1000;s:6:"height";i:500;s:9:"mime-type";s:10:"image/jpeg";}s:10:"wide_small";a:4:{s:4:"file";s:17:"restaurant-demo-image-3-670x335.jpg";s:5:"width";i:670;s:6:"height";i:335;s:9:"mime-type";s:10:"image/jpeg";}s:7:"regular";a:4:{s:4:"file";s:17:"restaurant-demo-image-3-500x500.jpg";s:5:"width";i:500;s:6:"height";i:500;s:9:"mime-type";s:10:"image/jpeg";}s:13:"regular_small";a:4:{s:4:"file";s:17:"restaurant-demo-image-3-350x350.jpg";s:5:"width";i:350;s:6:"height";i:350;s:9:"mime-type";s:10:"image/jpeg";}s:4:"tall";a:4:{s:4:"file";s:18:"restaurant-demo-image-3-500x1000.jpg";s:5:"width";i:500;s:6:"height";i:1000;s:9:"mime-type";s:10:"image/jpeg";}s:9:"wide_tall";a:4:{s:4:"file";s:19:"restaurant-demo-image-3-1000x1000.jpg";s:5:"width";i:1000;s:6:"height";i:1000;s:9:"mime-type";s:10:"image/jpeg";}s:14:"large_featured";a:4:{s:4:"file";s:18:"restaurant-demo-image-3-1155x700.jpg";s:5:"width";i:1155;s:6:"height";i:700;s:9:"mime-type";s:10:"image/jpeg";}}s:10:"image_meta";a:12:{s:8:"aperture";s:1:"0";s:6:"credit";s:0:"";s:6:"camera";s:0:"";s:7:"caption";s:0:"";s:17:"created_timestamp";s:1:"0";s:9:"copyright";s:16:"@joelbearstudios";s:12:"focal_length";s:1:"0";s:3:"iso";s:1:"0";s:13:"shutter_speed";s:1:"0";s:5:"title";s:0:"";s:11:"orientation";s:1:"0";s:8:"keywords";a:0:{}}}]]></wp:meta_value>
		</wp:postmeta>
		<wp:postmeta>
			<wp:meta_key><![CDATA[nectar_image_gal_url]]></wp:meta_key>
			<wp:meta_value><![CDATA[]]></wp:meta_value>
		</wp:postmeta>
		<wp:postmeta>
			<wp:meta_key><![CDATA[nectar_image_gal_masonry_sizing]]></wp:meta_key>
			<wp:meta_value><![CDATA[regular]]></wp:meta_value>
		</wp:postmeta>
		<wp:postmeta>
			<wp:meta_key><![CDATA[nectar_particle_shape_bg_color]]></wp:meta_key>
			<wp:meta_value><![CDATA[]]></wp:meta_value>
		</wp:postmeta>
		<wp:postmeta>
			<wp:meta_key><![CDATA[nectar_particle_shape_color]]></wp:meta_key>
			<wp:meta_value><![CDATA[]]></wp:meta_value>
		</wp:postmeta>
		<wp:postmeta>
			<wp:meta_key><![CDATA[nectar_particle_shape_color_mapping]]></wp:meta_key>
			<wp:meta_value><![CDATA[original]]></wp:meta_value>
		</wp:postmeta>
		<wp:postmeta>
			<wp:meta_key><![CDATA[nectar_particle_shape_color_alpha]]></wp:meta_key>
			<wp:meta_value><![CDATA[original]]></wp:meta_value>
		</wp:postmeta>
		<wp:postmeta>
			<wp:meta_key><![CDATA[nectar_particle_shape_density]]></wp:meta_key>
			<wp:meta_value><![CDATA[very_low]]></wp:meta_value>
		</wp:postmeta>
		<wp:postmeta>
			<wp:meta_key><![CDATA[nectar_particle_max_particle_size]]></wp:meta_key>
			<wp:meta_value><![CDATA[]]></wp:meta_value>
		</wp:postmeta>
	</item>
	<item>
		<title>restaurant-demo-image-4</title>
		<link>http://themenectar.com/demo/salient-restaurant/restaurant-demo-image-4/</link>
		<pubDate>Fri, 03 Feb 2017 00:16:54 +0000</pubDate>
		<dc:creator><![CDATA[themenectar]]></dc:creator>
		<guid isPermaLink="false">http://themenectar.com/demo/dummy-data-imgs/restaurant/GoKXJaQoLQs.jpg</guid>
		<description></description>
		<content:encoded><![CDATA[]]></content:encoded>
		<excerpt:encoded><![CDATA[]]></excerpt:encoded>
		<wp:post_id>904</wp:post_id>
		<wp:post_date><![CDATA[2017-02-03 00:16:54]]></wp:post_date>
		<wp:post_date_gmt><![CDATA[2017-02-03 00:16:54]]></wp:post_date_gmt>
		<wp:comment_status><![CDATA[open]]></wp:comment_status>
		<wp:ping_status><![CDATA[closed]]></wp:ping_status>
		<wp:post_name><![CDATA[restaurant-demo-image-4]]></wp:post_name>
		<wp:status><![CDATA[inherit]]></wp:status>
		<wp:post_parent>0</wp:post_parent>
		<wp:menu_order>0</wp:menu_order>
		<wp:post_type><![CDATA[attachment]]></wp:post_type>
		<wp:post_password><![CDATA[]]></wp:post_password>
		<wp:is_sticky>0</wp:is_sticky>
		<wp:attachment_url><![CDATA[http://themenectar.com/demo/dummy-data-imgs/restaurant/GoKXJaQoLQs.jpg]]></wp:attachment_url>
		<wp:postmeta>
			<wp:meta_key><![CDATA[_wp_attached_file]]></wp:meta_key>
			<wp:meta_value><![CDATA[2017/02/restaurant-demo-image-4.jpg]]></wp:meta_value>
		</wp:postmeta>
		<wp:postmeta>
			<wp:meta_key><![CDATA[_wp_attachment_metadata]]></wp:meta_key>
			<wp:meta_value><![CDATA[a:5:{s:5:"width";i:1080;s:6:"height";i:730;s:4:"file";s:17:"2017/02/restaurant-demo-image-4.jpg";s:5:"sizes";a:14:{s:9:"thumbnail";a:4:{s:4:"file";s:17:"restaurant-demo-image-4-150x150.jpg";s:5:"width";i:150;s:6:"height";i:150;s:9:"mime-type";s:10:"image/jpeg";}s:6:"medium";a:4:{s:4:"file";s:17:"restaurant-demo-image-4-286x300.jpg";s:5:"width";i:286;s:6:"height";i:300;s:9:"mime-type";s:10:"image/jpeg";}s:12:"medium_large";a:4:{s:4:"file";s:17:"restaurant-demo-image-4-768x806.jpg";s:5:"width";i:768;s:6:"height";i:806;s:9:"mime-type";s:10:"image/jpeg";}s:5:"large";a:4:{s:4:"file";s:18:"restaurant-demo-image-4-976x1024.jpg";s:5:"width";i:976;s:6:"height";i:1024;s:9:"mime-type";s:10:"image/jpeg";}s:15:"portfolio-thumb";a:4:{s:4:"file";s:17:"restaurant-demo-image-4-600x403.jpg";s:5:"width";i:600;s:6:"height";i:403;s:9:"mime-type";s:10:"image/jpeg";}s:21:"portfolio-thumb_small";a:4:{s:4:"file";s:17:"restaurant-demo-image-4-400x269.jpg";s:5:"width";i:400;s:6:"height";i:269;s:9:"mime-type";s:10:"image/jpeg";}s:16:"portfolio-widget";a:4:{s:4:"file";s:17:"green-100x100.jpg";s:5:"width";i:100;s:6:"height";i:100;s:9:"mime-type";s:10:"image/jpeg";}s:4:"wide";a:4:{s:4:"file";s:18:"restaurant-demo-image-4-1000x500.jpg";s:5:"width";i:1000;s:6:"height";i:500;s:9:"mime-type";s:10:"image/jpeg";}s:10:"wide_small";a:4:{s:4:"file";s:17:"restaurant-demo-image-4-670x335.jpg";s:5:"width";i:670;s:6:"height";i:335;s:9:"mime-type";s:10:"image/jpeg";}s:7:"regular";a:4:{s:4:"file";s:17:"restaurant-demo-image-4-500x500.jpg";s:5:"width";i:500;s:6:"height";i:500;s:9:"mime-type";s:10:"image/jpeg";}s:13:"regular_small";a:4:{s:4:"file";s:17:"restaurant-demo-image-4-350x350.jpg";s:5:"width";i:350;s:6:"height";i:350;s:9:"mime-type";s:10:"image/jpeg";}s:4:"tall";a:4:{s:4:"file";s:18:"restaurant-demo-image-4-500x1000.jpg";s:5:"width";i:500;s:6:"height";i:1000;s:9:"mime-type";s:10:"image/jpeg";}s:9:"wide_tall";a:4:{s:4:"file";s:19:"restaurant-demo-image-4-1000x1000.jpg";s:5:"width";i:1000;s:6:"height";i:1000;s:9:"mime-type";s:10:"image/jpeg";}s:14:"large_featured";a:4:{s:4:"file";s:18:"restaurant-demo-image-4-1155x700.jpg";s:5:"width";i:1155;s:6:"height";i:700;s:9:"mime-type";s:10:"image/jpeg";}}s:10:"image_meta";a:12:{s:8:"aperture";s:1:"0";s:6:"credit";s:0:"";s:6:"camera";s:0:"";s:7:"caption";s:0:"";s:17:"created_timestamp";s:1:"0";s:9:"copyright";s:16:"@joelbearstudios";s:12:"focal_length";s:1:"0";s:3:"iso";s:1:"0";s:13:"shutter_speed";s:1:"0";s:5:"title";s:0:"";s:11:"orientation";s:1:"0";s:8:"keywords";a:0:{}}}]]></wp:meta_value>
		</wp:postmeta>
		<wp:postmeta>
			<wp:meta_key><![CDATA[nectar_image_gal_url]]></wp:meta_key>
			<wp:meta_value><![CDATA[]]></wp:meta_value>
		</wp:postmeta>
		<wp:postmeta>
			<wp:meta_key><![CDATA[nectar_image_gal_masonry_sizing]]></wp:meta_key>
			<wp:meta_value><![CDATA[regular]]></wp:meta_value>
		</wp:postmeta>
		<wp:postmeta>
			<wp:meta_key><![CDATA[nectar_particle_shape_bg_color]]></wp:meta_key>
			<wp:meta_value><![CDATA[]]></wp:meta_value>
		</wp:postmeta>
		<wp:postmeta>
			<wp:meta_key><![CDATA[nectar_particle_shape_color]]></wp:meta_key>
			<wp:meta_value><![CDATA[]]></wp:meta_value>
		</wp:postmeta>
		<wp:postmeta>
			<wp:meta_key><![CDATA[nectar_particle_shape_color_mapping]]></wp:meta_key>
			<wp:meta_value><![CDATA[original]]></wp:meta_value>
		</wp:postmeta>
		<wp:postmeta>
			<wp:meta_key><![CDATA[nectar_particle_shape_color_alpha]]></wp:meta_key>
			<wp:meta_value><![CDATA[original]]></wp:meta_value>
		</wp:postmeta>
		<wp:postmeta>
			<wp:meta_key><![CDATA[nectar_particle_shape_density]]></wp:meta_key>
			<wp:meta_value><![CDATA[very_low]]></wp:meta_value>
		</wp:postmeta>
		<wp:postmeta>
			<wp:meta_key><![CDATA[nectar_particle_max_particle_size]]></wp:meta_key>
			<wp:meta_value><![CDATA[]]></wp:meta_value>
		</wp:postmeta>
	</item>
	<item>
		<title>restaurant-demo-image-5</title>
		<link>http://themenectar.com/demo/salient-restaurant/restaurant-demo-image-5/</link>
		<pubDate>Fri, 03 Feb 2017 00:16:54 +0000</pubDate>
		<dc:creator><![CDATA[themenectar]]></dc:creator>
		<guid isPermaLink="false">http://themenectar.com/demo/dummy-data-imgs/restaurant/J5qvvOdiEdc.jpg</guid>
		<description></description>
		<content:encoded><![CDATA[]]></content:encoded>
		<excerpt:encoded><![CDATA[]]></excerpt:encoded>
		<wp:post_id>905</wp:post_id>
		<wp:post_date><![CDATA[2017-02-03 00:16:54]]></wp:post_date>
		<wp:post_date_gmt><![CDATA[2017-02-03 00:16:54]]></wp:post_date_gmt>
		<wp:comment_status><![CDATA[open]]></wp:comment_status>
		<wp:ping_status><![CDATA[closed]]></wp:ping_status>
		<wp:post_name><![CDATA[restaurant-demo-image-5]]></wp:post_name>
		<wp:status><![CDATA[inherit]]></wp:status>
		<wp:post_parent>0</wp:post_parent>
		<wp:menu_order>0</wp:menu_order>
		<wp:post_type><![CDATA[attachment]]></wp:post_type>
		<wp:post_password><![CDATA[]]></wp:post_password>
		<wp:is_sticky>0</wp:is_sticky>
		<wp:attachment_url><![CDATA[http://themenectar.com/demo/dummy-data-imgs/restaurant/J5qvvOdiEdc.jpg]]></wp:attachment_url>
		<wp:postmeta>
			<wp:meta_key><![CDATA[_wp_attached_file]]></wp:meta_key>
			<wp:meta_value><![CDATA[2017/02/restaurant-demo-image-5.jpg]]></wp:meta_value>
		</wp:postmeta>
		<wp:postmeta>
			<wp:meta_key><![CDATA[_wp_attachment_metadata]]></wp:meta_key>
			<wp:meta_value><![CDATA[a:5:{s:5:"width";i:1080;s:6:"height";i:730;s:4:"file";s:17:"2017/02/restaurant-demo-image-5.jpg";s:5:"sizes";a:14:{s:9:"thumbnail";a:4:{s:4:"file";s:17:"restaurant-demo-image-5-150x150.jpg";s:5:"width";i:150;s:6:"height";i:150;s:9:"mime-type";s:10:"image/jpeg";}s:6:"medium";a:4:{s:4:"file";s:17:"restaurant-demo-image-5-286x300.jpg";s:5:"width";i:286;s:6:"height";i:300;s:9:"mime-type";s:10:"image/jpeg";}s:12:"medium_large";a:4:{s:4:"file";s:17:"restaurant-demo-image-5-768x806.jpg";s:5:"width";i:768;s:6:"height";i:806;s:9:"mime-type";s:10:"image/jpeg";}s:5:"large";a:4:{s:4:"file";s:18:"restaurant-demo-image-5-976x1024.jpg";s:5:"width";i:976;s:6:"height";i:1024;s:9:"mime-type";s:10:"image/jpeg";}s:15:"portfolio-thumb";a:4:{s:4:"file";s:17:"restaurant-demo-image-5-600x403.jpg";s:5:"width";i:600;s:6:"height";i:403;s:9:"mime-type";s:10:"image/jpeg";}s:21:"portfolio-thumb_small";a:4:{s:4:"file";s:17:"restaurant-demo-image-5-400x269.jpg";s:5:"width";i:400;s:6:"height";i:269;s:9:"mime-type";s:10:"image/jpeg";}s:16:"portfolio-widget";a:4:{s:4:"file";s:17:"green-100x100.jpg";s:5:"width";i:100;s:6:"height";i:100;s:9:"mime-type";s:10:"image/jpeg";}s:4:"wide";a:4:{s:4:"file";s:18:"restaurant-demo-image-5-1000x500.jpg";s:5:"width";i:1000;s:6:"height";i:500;s:9:"mime-type";s:10:"image/jpeg";}s:10:"wide_small";a:4:{s:4:"file";s:17:"restaurant-demo-image-5-670x335.jpg";s:5:"width";i:670;s:6:"height";i:335;s:9:"mime-type";s:10:"image/jpeg";}s:7:"regular";a:4:{s:4:"file";s:17:"restaurant-demo-image-5-500x500.jpg";s:5:"width";i:500;s:6:"height";i:500;s:9:"mime-type";s:10:"image/jpeg";}s:13:"regular_small";a:4:{s:4:"file";s:17:"restaurant-demo-image-5-350x350.jpg";s:5:"width";i:350;s:6:"height";i:350;s:9:"mime-type";s:10:"image/jpeg";}s:4:"tall";a:4:{s:4:"file";s:18:"restaurant-demo-image-5-500x1000.jpg";s:5:"width";i:500;s:6:"height";i:1000;s:9:"mime-type";s:10:"image/jpeg";}s:9:"wide_tall";a:4:{s:4:"file";s:19:"restaurant-demo-image-5-1000x1000.jpg";s:5:"width";i:1000;s:6:"height";i:1000;s:9:"mime-type";s:10:"image/jpeg";}s:14:"large_featured";a:4:{s:4:"file";s:18:"restaurant-demo-image-5-1155x700.jpg";s:5:"width";i:1155;s:6:"height";i:700;s:9:"mime-type";s:10:"image/jpeg";}}s:10:"image_meta";a:12:{s:8:"aperture";s:1:"0";s:6:"credit";s:0:"";s:6:"camera";s:0:"";s:7:"caption";s:0:"";s:17:"created_timestamp";s:1:"0";s:9:"copyright";s:16:"@joelbearstudios";s:12:"focal_length";s:1:"0";s:3:"iso";s:1:"0";s:13:"shutter_speed";s:1:"0";s:5:"title";s:0:"";s:11:"orientation";s:1:"0";s:8:"keywords";a:0:{}}}]]></wp:meta_value>
		</wp:postmeta>
		<wp:postmeta>
			<wp:meta_key><![CDATA[nectar_image_gal_url]]></wp:meta_key>
			<wp:meta_value><![CDATA[]]></wp:meta_value>
		</wp:postmeta>
		<wp:postmeta>
			<wp:meta_key><![CDATA[nectar_image_gal_masonry_sizing]]></wp:meta_key>
			<wp:meta_value><![CDATA[tall]]></wp:meta_value>
		</wp:postmeta>
		<wp:postmeta>
			<wp:meta_key><![CDATA[nectar_particle_shape_bg_color]]></wp:meta_key>
			<wp:meta_value><![CDATA[]]></wp:meta_value>
		</wp:postmeta>
		<wp:postmeta>
			<wp:meta_key><![CDATA[nectar_particle_shape_color]]></wp:meta_key>
			<wp:meta_value><![CDATA[]]></wp:meta_value>
		</wp:postmeta>
		<wp:postmeta>
			<wp:meta_key><![CDATA[nectar_particle_shape_color_mapping]]></wp:meta_key>
			<wp:meta_value><![CDATA[original]]></wp:meta_value>
		</wp:postmeta>
		<wp:postmeta>
			<wp:meta_key><![CDATA[nectar_particle_shape_color_alpha]]></wp:meta_key>
			<wp:meta_value><![CDATA[original]]></wp:meta_value>
		</wp:postmeta>
		<wp:postmeta>
			<wp:meta_key><![CDATA[nectar_particle_shape_density]]></wp:meta_key>
			<wp:meta_value><![CDATA[very_low]]></wp:meta_value>
		</wp:postmeta>
		<wp:postmeta>
			<wp:meta_key><![CDATA[nectar_particle_max_particle_size]]></wp:meta_key>
			<wp:meta_value><![CDATA[]]></wp:meta_value>
		</wp:postmeta>
	</item>
	<item>
		<title>restaurant-demo-image-6</title>
		<link>http://themenectar.com/demo/salient-restaurant/restaurant-demo-image-6/</link>
		<pubDate>Fri, 03 Feb 2017 00:16:54 +0000</pubDate>
		<dc:creator><![CDATA[themenectar]]></dc:creator>
		<guid isPermaLink="false">http://themenectar.com/demo/dummy-data-imgs/restaurant/jpkfc5_d-DI.jpg</guid>
		<description></description>
		<content:encoded><![CDATA[]]></content:encoded>
		<excerpt:encoded><![CDATA[]]></excerpt:encoded>
		<wp:post_id>906</wp:post_id>
		<wp:post_date><![CDATA[2017-02-03 00:16:54]]></wp:post_date>
		<wp:post_date_gmt><![CDATA[2017-02-03 00:16:54]]></wp:post_date_gmt>
		<wp:comment_status><![CDATA[open]]></wp:comment_status>
		<wp:ping_status><![CDATA[closed]]></wp:ping_status>
		<wp:post_name><![CDATA[restaurant-demo-image-6]]></wp:post_name>
		<wp:status><![CDATA[inherit]]></wp:status>
		<wp:post_parent>0</wp:post_parent>
		<wp:menu_order>0</wp:menu_order>
		<wp:post_type><![CDATA[attachment]]></wp:post_type>
		<wp:post_password><![CDATA[]]></wp:post_password>
		<wp:is_sticky>0</wp:is_sticky>
		<wp:attachment_url><![CDATA[http://themenectar.com/demo/dummy-data-imgs/restaurant/jpkfc5_d-DI.jpg]]></wp:attachment_url>
		<wp:postmeta>
			<wp:meta_key><![CDATA[_wp_attached_file]]></wp:meta_key>
			<wp:meta_value><![CDATA[2017/02/restaurant-demo-image-6.jpg]]></wp:meta_value>
		</wp:postmeta>
		<wp:postmeta>
			<wp:meta_key><![CDATA[_wp_attachment_metadata]]></wp:meta_key>
			<wp:meta_value><![CDATA[a:5:{s:5:"width";i:1080;s:6:"height";i:730;s:4:"file";s:17:"2017/02/restaurant-demo-image-6.jpg";s:5:"sizes";a:14:{s:9:"thumbnail";a:4:{s:4:"file";s:17:"restaurant-demo-image-6-150x150.jpg";s:5:"width";i:150;s:6:"height";i:150;s:9:"mime-type";s:10:"image/jpeg";}s:6:"medium";a:4:{s:4:"file";s:17:"restaurant-demo-image-6-286x300.jpg";s:5:"width";i:286;s:6:"height";i:300;s:9:"mime-type";s:10:"image/jpeg";}s:12:"medium_large";a:4:{s:4:"file";s:17:"restaurant-demo-image-6-768x806.jpg";s:5:"width";i:768;s:6:"height";i:806;s:9:"mime-type";s:10:"image/jpeg";}s:5:"large";a:4:{s:4:"file";s:18:"restaurant-demo-image-6-976x1024.jpg";s:5:"width";i:976;s:6:"height";i:1024;s:9:"mime-type";s:10:"image/jpeg";}s:15:"portfolio-thumb";a:4:{s:4:"file";s:17:"restaurant-demo-image-6-600x403.jpg";s:5:"width";i:600;s:6:"height";i:403;s:9:"mime-type";s:10:"image/jpeg";}s:21:"portfolio-thumb_small";a:4:{s:4:"file";s:17:"restaurant-demo-image-6-400x269.jpg";s:5:"width";i:400;s:6:"height";i:269;s:9:"mime-type";s:10:"image/jpeg";}s:16:"portfolio-widget";a:4:{s:4:"file";s:17:"green-100x100.jpg";s:5:"width";i:100;s:6:"height";i:100;s:9:"mime-type";s:10:"image/jpeg";}s:4:"wide";a:4:{s:4:"file";s:18:"restaurant-demo-image-6-1000x500.jpg";s:5:"width";i:1000;s:6:"height";i:500;s:9:"mime-type";s:10:"image/jpeg";}s:10:"wide_small";a:4:{s:4:"file";s:17:"restaurant-demo-image-6-670x335.jpg";s:5:"width";i:670;s:6:"height";i:335;s:9:"mime-type";s:10:"image/jpeg";}s:7:"regular";a:4:{s:4:"file";s:17:"restaurant-demo-image-6-500x500.jpg";s:5:"width";i:500;s:6:"height";i:500;s:9:"mime-type";s:10:"image/jpeg";}s:13:"regular_small";a:4:{s:4:"file";s:17:"restaurant-demo-image-6-350x350.jpg";s:5:"width";i:350;s:6:"height";i:350;s:9:"mime-type";s:10:"image/jpeg";}s:4:"tall";a:4:{s:4:"file";s:18:"restaurant-demo-image-6-500x1000.jpg";s:5:"width";i:500;s:6:"height";i:1000;s:9:"mime-type";s:10:"image/jpeg";}s:9:"wide_tall";a:4:{s:4:"file";s:19:"restaurant-demo-image-6-1000x1000.jpg";s:5:"width";i:1000;s:6:"height";i:1000;s:9:"mime-type";s:10:"image/jpeg";}s:14:"large_featured";a:4:{s:4:"file";s:18:"restaurant-demo-image-6-1155x700.jpg";s:5:"width";i:1155;s:6:"height";i:700;s:9:"mime-type";s:10:"image/jpeg";}}s:10:"image_meta";a:12:{s:8:"aperture";s:1:"0";s:6:"credit";s:0:"";s:6:"camera";s:0:"";s:7:"caption";s:0:"";s:17:"created_timestamp";s:1:"0";s:9:"copyright";s:16:"@joelbearstudios";s:12:"focal_length";s:1:"0";s:3:"iso";s:1:"0";s:13:"shutter_speed";s:1:"0";s:5:"title";s:0:"";s:11:"orientation";s:1:"0";s:8:"keywords";a:0:{}}}]]></wp:meta_value>
		</wp:postmeta>
		<wp:postmeta>
			<wp:meta_key><![CDATA[nectar_image_gal_url]]></wp:meta_key>
			<wp:meta_value><![CDATA[]]></wp:meta_value>
		</wp:postmeta>
		<wp:postmeta>
			<wp:meta_key><![CDATA[nectar_image_gal_masonry_sizing]]></wp:meta_key>
			<wp:meta_value><![CDATA[regular]]></wp:meta_value>
		</wp:postmeta>
		<wp:postmeta>
			<wp:meta_key><![CDATA[nectar_particle_shape_bg_color]]></wp:meta_key>
			<wp:meta_value><![CDATA[]]></wp:meta_value>
		</wp:postmeta>
		<wp:postmeta>
			<wp:meta_key><![CDATA[nectar_particle_shape_color]]></wp:meta_key>
			<wp:meta_value><![CDATA[]]></wp:meta_value>
		</wp:postmeta>
		<wp:postmeta>
			<wp:meta_key><![CDATA[nectar_particle_shape_color_mapping]]></wp:meta_key>
			<wp:meta_value><![CDATA[original]]></wp:meta_value>
		</wp:postmeta>
		<wp:postmeta>
			<wp:meta_key><![CDATA[nectar_particle_shape_color_alpha]]></wp:meta_key>
			<wp:meta_value><![CDATA[original]]></wp:meta_value>
		</wp:postmeta>
		<wp:postmeta>
			<wp:meta_key><![CDATA[nectar_particle_shape_density]]></wp:meta_key>
			<wp:meta_value><![CDATA[very_low]]></wp:meta_value>
		</wp:postmeta>
		<wp:postmeta>
			<wp:meta_key><![CDATA[nectar_particle_max_particle_size]]></wp:meta_key>
			<wp:meta_value><![CDATA[]]></wp:meta_value>
		</wp:postmeta>
	</item>
	<item>
		<title>restaurant-demo-image-7</title>
		<link>http://themenectar.com/demo/salient-restaurant/restaurant-demo-image-7/</link>
		<pubDate>Fri, 03 Feb 2017 00:16:54 +0000</pubDate>
		<dc:creator><![CDATA[themenectar]]></dc:creator>
		<guid isPermaLink="false">http://themenectar.com/demo/dummy-data-imgs/restaurant/4AS6y6UH70s.jpg</guid>
		<description></description>
		<content:encoded><![CDATA[]]></content:encoded>
		<excerpt:encoded><![CDATA[]]></excerpt:encoded>
		<wp:post_id>907</wp:post_id>
		<wp:post_date><![CDATA[2017-02-03 00:16:54]]></wp:post_date>
		<wp:post_date_gmt><![CDATA[2017-02-03 00:16:54]]></wp:post_date_gmt>
		<wp:comment_status><![CDATA[open]]></wp:comment_status>
		<wp:ping_status><![CDATA[closed]]></wp:ping_status>
		<wp:post_name><![CDATA[restaurant-demo-image-7]]></wp:post_name>
		<wp:status><![CDATA[inherit]]></wp:status>
		<wp:post_parent>0</wp:post_parent>
		<wp:menu_order>0</wp:menu_order>
		<wp:post_type><![CDATA[attachment]]></wp:post_type>
		<wp:post_password><![CDATA[]]></wp:post_password>
		<wp:is_sticky>0</wp:is_sticky>
		<wp:attachment_url><![CDATA[http://themenectar.com/demo/dummy-data-imgs/restaurant/4AS6y6UH70s.jpg]]></wp:attachment_url>
		<wp:postmeta>
			<wp:meta_key><![CDATA[_wp_attached_file]]></wp:meta_key>
			<wp:meta_value><![CDATA[2017/02/restaurant-demo-image-7.jpg]]></wp:meta_value>
		</wp:postmeta>
		<wp:postmeta>
			<wp:meta_key><![CDATA[_wp_attachment_metadata]]></wp:meta_key>
			<wp:meta_value><![CDATA[a:5:{s:5:"width";i:1080;s:6:"height";i:730;s:4:"file";s:17:"2017/02/restaurant-demo-image-7.jpg";s:5:"sizes";a:14:{s:9:"thumbnail";a:4:{s:4:"file";s:17:"restaurant-demo-image-7-150x150.jpg";s:5:"width";i:150;s:6:"height";i:150;s:9:"mime-type";s:10:"image/jpeg";}s:6:"medium";a:4:{s:4:"file";s:17:"restaurant-demo-image-7-286x300.jpg";s:5:"width";i:286;s:6:"height";i:300;s:9:"mime-type";s:10:"image/jpeg";}s:12:"medium_large";a:4:{s:4:"file";s:17:"restaurant-demo-image-7-768x806.jpg";s:5:"width";i:768;s:6:"height";i:806;s:9:"mime-type";s:10:"image/jpeg";}s:5:"large";a:4:{s:4:"file";s:18:"restaurant-demo-image-7-976x1024.jpg";s:5:"width";i:976;s:6:"height";i:1024;s:9:"mime-type";s:10:"image/jpeg";}s:15:"portfolio-thumb";a:4:{s:4:"file";s:17:"restaurant-demo-image-7-600x403.jpg";s:5:"width";i:600;s:6:"height";i:403;s:9:"mime-type";s:10:"image/jpeg";}s:21:"portfolio-thumb_small";a:4:{s:4:"file";s:17:"restaurant-demo-image-7-400x269.jpg";s:5:"width";i:400;s:6:"height";i:269;s:9:"mime-type";s:10:"image/jpeg";}s:16:"portfolio-widget";a:4:{s:4:"file";s:17:"green-100x100.jpg";s:5:"width";i:100;s:6:"height";i:100;s:9:"mime-type";s:10:"image/jpeg";}s:4:"wide";a:4:{s:4:"file";s:18:"restaurant-demo-image-7-1000x500.jpg";s:5:"width";i:1000;s:6:"height";i:500;s:9:"mime-type";s:10:"image/jpeg";}s:10:"wide_small";a:4:{s:4:"file";s:17:"restaurant-demo-image-7-670x335.jpg";s:5:"width";i:670;s:6:"height";i:335;s:9:"mime-type";s:10:"image/jpeg";}s:7:"regular";a:4:{s:4:"file";s:17:"restaurant-demo-image-7-500x500.jpg";s:5:"width";i:500;s:6:"height";i:500;s:9:"mime-type";s:10:"image/jpeg";}s:13:"regular_small";a:4:{s:4:"file";s:17:"restaurant-demo-image-7-350x350.jpg";s:5:"width";i:350;s:6:"height";i:350;s:9:"mime-type";s:10:"image/jpeg";}s:4:"tall";a:4:{s:4:"file";s:18:"restaurant-demo-image-7-500x1000.jpg";s:5:"width";i:500;s:6:"height";i:1000;s:9:"mime-type";s:10:"image/jpeg";}s:9:"wide_tall";a:4:{s:4:"file";s:19:"restaurant-demo-image-7-1000x1000.jpg";s:5:"width";i:1000;s:6:"height";i:1000;s:9:"mime-type";s:10:"image/jpeg";}s:14:"large_featured";a:4:{s:4:"file";s:18:"restaurant-demo-image-7-1155x700.jpg";s:5:"width";i:1155;s:6:"height";i:700;s:9:"mime-type";s:10:"image/jpeg";}}s:10:"image_meta";a:12:{s:8:"aperture";s:1:"0";s:6:"credit";s:0:"";s:6:"camera";s:0:"";s:7:"caption";s:0:"";s:17:"created_timestamp";s:1:"0";s:9:"copyright";s:16:"@joelbearstudios";s:12:"focal_length";s:1:"0";s:3:"iso";s:1:"0";s:13:"shutter_speed";s:1:"0";s:5:"title";s:0:"";s:11:"orientation";s:1:"0";s:8:"keywords";a:0:{}}}]]></wp:meta_value>
		</wp:postmeta>
		<wp:postmeta>
			<wp:meta_key><![CDATA[nectar_image_gal_url]]></wp:meta_key>
			<wp:meta_value><![CDATA[]]></wp:meta_value>
		</wp:postmeta>
		<wp:postmeta>
			<wp:meta_key><![CDATA[nectar_image_gal_masonry_sizing]]></wp:meta_key>
			<wp:meta_value><![CDATA[regular]]></wp:meta_value>
		</wp:postmeta>
		<wp:postmeta>
			<wp:meta_key><![CDATA[nectar_particle_shape_bg_color]]></wp:meta_key>
			<wp:meta_value><![CDATA[]]></wp:meta_value>
		</wp:postmeta>
		<wp:postmeta>
			<wp:meta_key><![CDATA[nectar_particle_shape_color]]></wp:meta_key>
			<wp:meta_value><![CDATA[]]></wp:meta_value>
		</wp:postmeta>
		<wp:postmeta>
			<wp:meta_key><![CDATA[nectar_particle_shape_color_mapping]]></wp:meta_key>
			<wp:meta_value><![CDATA[original]]></wp:meta_value>
		</wp:postmeta>
		<wp:postmeta>
			<wp:meta_key><![CDATA[nectar_particle_shape_color_alpha]]></wp:meta_key>
			<wp:meta_value><![CDATA[original]]></wp:meta_value>
		</wp:postmeta>
		<wp:postmeta>
			<wp:meta_key><![CDATA[nectar_particle_shape_density]]></wp:meta_key>
			<wp:meta_value><![CDATA[very_low]]></wp:meta_value>
		</wp:postmeta>
		<wp:postmeta>
			<wp:meta_key><![CDATA[nectar_particle_max_particle_size]]></wp:meta_key>
			<wp:meta_value><![CDATA[]]></wp:meta_value>
		</wp:postmeta>
	</item>
	<item>
		<title>restaurant-demo-image-8</title>
		<link>http://themenectar.com/demo/salient-restaurant/restaurant-demo-image-8/</link>
		<pubDate>Fri, 03 Feb 2017 00:16:54 +0000</pubDate>
		<dc:creator><![CDATA[themenectar]]></dc:creator>
		<guid isPermaLink="false">http://themenectar.com/demo/dummy-data-imgs/restaurant/nJUuFfo79wI.jpg</guid>
		<description></description>
		<content:encoded><![CDATA[]]></content:encoded>
		<excerpt:encoded><![CDATA[]]></excerpt:encoded>
		<wp:post_id>908</wp:post_id>
		<wp:post_date><![CDATA[2017-02-03 00:16:54]]></wp:post_date>
		<wp:post_date_gmt><![CDATA[2017-02-03 00:16:54]]></wp:post_date_gmt>
		<wp:comment_status><![CDATA[open]]></wp:comment_status>
		<wp:ping_status><![CDATA[closed]]></wp:ping_status>
		<wp:post_name><![CDATA[restaurant-demo-image-8]]></wp:post_name>
		<wp:status><![CDATA[inherit]]></wp:status>
		<wp:post_parent>0</wp:post_parent>
		<wp:menu_order>0</wp:menu_order>
		<wp:post_type><![CDATA[attachment]]></wp:post_type>
		<wp:post_password><![CDATA[]]></wp:post_password>
		<wp:is_sticky>0</wp:is_sticky>
		<wp:attachment_url><![CDATA[http://themenectar.com/demo/dummy-data-imgs/restaurant/nJUuFfo79wI.jpg]]></wp:attachment_url>
		<wp:postmeta>
			<wp:meta_key><![CDATA[_wp_attached_file]]></wp:meta_key>
			<wp:meta_value><![CDATA[2017/02/restaurant-demo-image-8.jpg]]></wp:meta_value>
		</wp:postmeta>
		<wp:postmeta>
			<wp:meta_key><![CDATA[_wp_attachment_metadata]]></wp:meta_key>
			<wp:meta_value><![CDATA[a:5:{s:5:"width";i:1080;s:6:"height";i:730;s:4:"file";s:17:"2017/02/restaurant-demo-image-8.jpg";s:5:"sizes";a:14:{s:9:"thumbnail";a:4:{s:4:"file";s:17:"restaurant-demo-image-8-150x150.jpg";s:5:"width";i:150;s:6:"height";i:150;s:9:"mime-type";s:10:"image/jpeg";}s:6:"medium";a:4:{s:4:"file";s:17:"restaurant-demo-image-8-286x300.jpg";s:5:"width";i:286;s:6:"height";i:300;s:9:"mime-type";s:10:"image/jpeg";}s:12:"medium_large";a:4:{s:4:"file";s:17:"restaurant-demo-image-8-768x806.jpg";s:5:"width";i:768;s:6:"height";i:806;s:9:"mime-type";s:10:"image/jpeg";}s:5:"large";a:4:{s:4:"file";s:18:"restaurant-demo-image-8-976x1024.jpg";s:5:"width";i:976;s:6:"height";i:1024;s:9:"mime-type";s:10:"image/jpeg";}s:15:"portfolio-thumb";a:4:{s:4:"file";s:17:"restaurant-demo-image-8-600x403.jpg";s:5:"width";i:600;s:6:"height";i:403;s:9:"mime-type";s:10:"image/jpeg";}s:21:"portfolio-thumb_small";a:4:{s:4:"file";s:17:"restaurant-demo-image-8-400x269.jpg";s:5:"width";i:400;s:6:"height";i:269;s:9:"mime-type";s:10:"image/jpeg";}s:16:"portfolio-widget";a:4:{s:4:"file";s:17:"green-100x100.jpg";s:5:"width";i:100;s:6:"height";i:100;s:9:"mime-type";s:10:"image/jpeg";}s:4:"wide";a:4:{s:4:"file";s:18:"restaurant-demo-image-8-1000x500.jpg";s:5:"width";i:1000;s:6:"height";i:500;s:9:"mime-type";s:10:"image/jpeg";}s:10:"wide_small";a:4:{s:4:"file";s:17:"restaurant-demo-image-8-670x335.jpg";s:5:"width";i:670;s:6:"height";i:335;s:9:"mime-type";s:10:"image/jpeg";}s:7:"regular";a:4:{s:4:"file";s:17:"restaurant-demo-image-8-500x500.jpg";s:5:"width";i:500;s:6:"height";i:500;s:9:"mime-type";s:10:"image/jpeg";}s:13:"regular_small";a:4:{s:4:"file";s:17:"restaurant-demo-image-8-350x350.jpg";s:5:"width";i:350;s:6:"height";i:350;s:9:"mime-type";s:10:"image/jpeg";}s:4:"tall";a:4:{s:4:"file";s:18:"restaurant-demo-image-8-500x1000.jpg";s:5:"width";i:500;s:6:"height";i:1000;s:9:"mime-type";s:10:"image/jpeg";}s:9:"wide_tall";a:4:{s:4:"file";s:19:"restaurant-demo-image-8-1000x1000.jpg";s:5:"width";i:1000;s:6:"height";i:1000;s:9:"mime-type";s:10:"image/jpeg";}s:14:"large_featured";a:4:{s:4:"file";s:18:"restaurant-demo-image-8-1155x700.jpg";s:5:"width";i:1155;s:6:"height";i:700;s:9:"mime-type";s:10:"image/jpeg";}}s:10:"image_meta";a:12:{s:8:"aperture";s:1:"0";s:6:"credit";s:0:"";s:6:"camera";s:0:"";s:7:"caption";s:0:"";s:17:"created_timestamp";s:1:"0";s:9:"copyright";s:16:"@joelbearstudios";s:12:"focal_length";s:1:"0";s:3:"iso";s:1:"0";s:13:"shutter_speed";s:1:"0";s:5:"title";s:0:"";s:11:"orientation";s:1:"0";s:8:"keywords";a:0:{}}}]]></wp:meta_value>
		</wp:postmeta>
		<wp:postmeta>
			<wp:meta_key><![CDATA[nectar_image_gal_url]]></wp:meta_key>
			<wp:meta_value><![CDATA[]]></wp:meta_value>
		</wp:postmeta>
		<wp:postmeta>
			<wp:meta_key><![CDATA[nectar_image_gal_masonry_sizing]]></wp:meta_key>
			<wp:meta_value><![CDATA[regular]]></wp:meta_value>
		</wp:postmeta>
		<wp:postmeta>
			<wp:meta_key><![CDATA[nectar_particle_shape_bg_color]]></wp:meta_key>
			<wp:meta_value><![CDATA[]]></wp:meta_value>
		</wp:postmeta>
		<wp:postmeta>
			<wp:meta_key><![CDATA[nectar_particle_shape_color]]></wp:meta_key>
			<wp:meta_value><![CDATA[]]></wp:meta_value>
		</wp:postmeta>
		<wp:postmeta>
			<wp:meta_key><![CDATA[nectar_particle_shape_color_mapping]]></wp:meta_key>
			<wp:meta_value><![CDATA[original]]></wp:meta_value>
		</wp:postmeta>
		<wp:postmeta>
			<wp:meta_key><![CDATA[nectar_particle_shape_color_alpha]]></wp:meta_key>
			<wp:meta_value><![CDATA[original]]></wp:meta_value>
		</wp:postmeta>
		<wp:postmeta>
			<wp:meta_key><![CDATA[nectar_particle_shape_density]]></wp:meta_key>
			<wp:meta_value><![CDATA[very_low]]></wp:meta_value>
		</wp:postmeta>
		<wp:postmeta>
			<wp:meta_key><![CDATA[nectar_particle_max_particle_size]]></wp:meta_key>
			<wp:meta_value><![CDATA[]]></wp:meta_value>
		</wp:postmeta>
	</item>
	<item>
		<title>Restaurant - Home Page</title>
		<link>http://themenectar.com/demo/salient-restaurant/</link>
		<pubDate>Fri, 03 Feb 2017 00:10:55 +0000</pubDate>
		<dc:creator><![CDATA[themenectar]]></dc:creator>
		<guid isPermaLink="false">http://themenectar.com/demo/salient-restaurant/?page_id=4</guid>
		<description></description>
		<content:encoded><![CDATA[[vc_row type="full_width_background" full_screen_row_position="middle" bg_image="https://source.unsplash.com/iRguZkRTQyA" bg_position="center center" bg_repeat="no-repeat" parallax_bg="true" parallax_bg_speed="fast" scene_position="center" text_color="light" text_align="left" top_padding="18%" bottom_padding="18%" id="about" color_overlay="#0a0a0a" overlay_strength="0.5"][vc_column centered_text="true" column_padding="no-extra-padding" column_padding_position="all" background_color_opacity="1" background_hover_color_opacity="1" column_shadow="none" width="1/1" tablet_text_alignment="default" phone_text_alignment="default" column_border_width="none" column_border_style="solid"][split_line_heading]
<h6>Honest.  Wholesome.  Quality</h6>
[/split_line_heading][split_line_heading]
<h1>Voted Best In Philly</h1>
[/split_line_heading][/vc_column][/vc_row][vc_row type="full_width_background" full_screen_row_position="middle" bg_color="#dde5f3" scene_position="center" text_color="light" text_align="left" overlay_strength="0.3"][vc_column column_padding="no-extra-padding" column_padding_position="all" background_color_opacity="1" background_hover_color_opacity="1" top_margin="-7%" bottom_margin="-7%" column_shadow="large_depth" width="1/1" tablet_text_alignment="default" phone_text_alignment="default" column_border_width="none" column_border_style="solid"][vc_row_inner equal_height="yes" content_placement="middle" column_margin="none" text_align="left" id="about" css=".vc_custom_1486684329109{background-color: #ffffff !important;}"][vc_column_inner background_image="https://source.unsplash.com/NKsDKNLxVRI" enable_bg_scale="true" column_padding="padding-7-percent" column_padding_position="all" background_color="#5b74ff" background_color_opacity="0.9" width="1/2" column_border_width="none" column_border_style="solid"][vc_column_text]
<h2>The Great Story Of Our Culinary Journey</h2>
[/vc_column_text][vc_column_text css=".vc_custom_1483408994148{margin-top: 40px !important;}"]I am text block. Click edit button to change this text. Lorem ipsum dolor sit amet, consectetur adipiscing elit. Ut elit tellus, luctus nec ullamcorper mattis, pulvinar dapibus leo. I am text block. Click edit button to change this text. [/vc_column_text][vc_column_text css=".vc_custom_1483409005371{margin-top: 40px !important;}"]<strong>Claire Bianco</strong> - <em>Master Chef at Salient</em>[/vc_column_text][/vc_column_inner][vc_column_inner background_image="https://source.unsplash.com/zXYcTS3AqPs" enable_bg_scale="true" column_padding="padding-5-percent" column_padding_position="all" background_color_opacity="1" width="1/2" column_border_width="none" column_border_style="solid"][divider line_type="No Line" custom_height="200"][/vc_column_inner][/vc_row_inner][vc_row_inner equal_height="yes" content_placement="middle" column_margin="none" text_align="left"][vc_column_inner background_image="https://source.unsplash.com/qgHGDbbSNm8" enable_bg_scale="true" column_padding="no-extra-padding" column_padding_position="all" background_color_opacity="1" width="1/2" column_border_width="none" column_border_style="solid"][divider line_type="No Line" custom_height="400"][/vc_column_inner][vc_column_inner column_padding="padding-7-percent" column_padding_position="all" background_color="#e9e9e9" background_color_opacity="1" font_color="#000000" width="1/2" column_border_width="none" column_border_style="solid"][vc_column_text max_width="350"]
<h2>Salient Hours Of Operation</h2>
[/vc_column_text][vc_column_text css=".vc_custom_1483374687395{margin-top: 40px !important;margin-bottom: 20px !important;}"]<strong>Monday – Thursday:</strong> 9:00 am – 10:00 pm
<em>Food service until 9:00 pm</em>[/vc_column_text][vc_column_text css=".vc_custom_1483374679842{margin-bottom: 20px !important;}"]<strong>Friday - Saturday:</strong> 9:00 am – Midnight
<em>Food service until 10:00 pm</em>[/vc_column_text][vc_column_text css=".vc_custom_1483373919590{margin-bottom: 40px !important;}"]<strong>Sunday:</strong> 11:00 am – 10:00 pm
<em>Food service until 9:00 pm</em>[/vc_column_text][nectar_cta heading_tag="h5" text_color="#3452ff" link_type="new_tab" alignment="left" link_text="Make A Reservation" url="http://opentable.com"][/vc_column_inner][/vc_row_inner][/vc_column][/vc_row][vc_row type="full_width_background" full_screen_row_position="middle" scene_position="center" text_color="dark" text_align="left" top_padding="13%" bottom_padding="7%" overlay_strength="0.3"][vc_column column_padding="no-extra-padding" column_padding_position="all" background_color_opacity="1" background_hover_color_opacity="1" column_shadow="none" width="1/1" tablet_text_alignment="default" phone_text_alignment="default" column_border_width="none" column_border_style="solid"][vc_row_inner column_margin="default" top_padding="3%" bottom_padding="5%" text_align="left" el_id="menu"][vc_column_inner column_padding="no-extra-padding" column_padding_position="all" background_color_opacity="1" width="1/3" column_border_width="none" column_border_style="solid"][/vc_column_inner][vc_column_inner enable_animation="true" animation="fade-in" column_padding="padding-3-percent" column_padding_position="all" centered_text="true" background_color_opacity="1" width="1/3" column_border_width="2px" column_border_color="#000000" column_border_style="double_offset" enable_border_animation="true"][vc_column_text]
<h3>The Menu</h3>
[/vc_column_text][/vc_column_inner][vc_column_inner column_padding="no-extra-padding" column_padding_position="all" background_color_opacity="1" width="1/3" column_border_width="none" column_border_style="solid"][/vc_column_inner][/vc_row_inner][tabbed_section style="minimal_alt" alignment="center" cta_button_style="extra-color-3"][tab title="Breakfast &amp; Brunch" id="1483371702-1-88" tab_id="1483371745354-1"][vc_row_inner column_margin="default" top_padding="30" text_align="left"][vc_column_inner enable_animation="true" animation="fade-in" column_padding="padding-4-percent" column_padding_position="all" background_color_opacity="1" width="1/2" column_border_width="none" column_border_style="solid"][vc_column_text css=".vc_custom_1484520003986{margin-bottom: 30px !important;}"]
<h5>The Griddle</h5>
[/vc_column_text][nectar_food_menu_item style="line_between" item_name_heading_tag="h4" item_name="Western Sunrise" text="$9" item_price="$19" item_description="Two fried eggs with cheese &amp;two breakfast meats made to perfection"][nectar_food_menu_item style="line_between" item_name_heading_tag="h4" item_name="Classic California" text="$9" item_price="$17" item_description="You know it's good, just order it"][nectar_food_menu_item style="line_between" item_name_heading_tag="h4" item_name="Fried Eggs &amp; Ham" text="$9" item_price="$12" item_description="It's just plain and simple, but also tasty"][/vc_column_inner][vc_column_inner enable_animation="true" animation="fade-in" column_padding="padding-4-percent" column_padding_position="all" background_color_opacity="1" width="1/2" column_border_width="none" column_border_style="solid"][vc_column_text css=".vc_custom_1484520027757{margin-bottom: 30px !important;}"]
<h5>Omelettes &amp; Skillets</h5>
[/vc_column_text][nectar_food_menu_item style="line_between" item_name_heading_tag="h4" item_name="Mr. Nectar Benedict " text="$9" item_price="$13" item_description="The best grilled English muffin, two poached eggs"][nectar_food_menu_item style="line_between" item_name_heading_tag="h4" item_name="Great Waffles" text="$9" item_price="$17" item_description="Chocolate chips, imported syrup"][nectar_food_menu_item style="line_between" item_name_heading_tag="h4" item_name="``Country`` Breakfast" text="$9" item_price="$12" item_description="Biscuits with fresh sausage patties &amp; country gravy"][/vc_column_inner][/vc_row_inner][vc_row_inner column_margin="default" text_align="left"][vc_column_inner enable_animation="true" animation="fade-in" column_padding="padding-4-percent" column_padding_position="all" background_color_opacity="1" width="1/2" column_border_width="none" column_border_style="solid"][vc_column_text css=".vc_custom_1484520078924{margin-bottom: 30px !important;}"]
<h5>Pancakes</h5>
[/vc_column_text][nectar_food_menu_item style="line_between" item_name_heading_tag="h4" item_name="American Pancakes" text="$9" item_price="$9" item_description="Large stack of three with maple syrup "][nectar_food_menu_item style="line_between" item_name_heading_tag="h4" item_name="Danish Style Pancakes" text="$9" item_price="$7" item_description="Served with pigs in a blanket"][nectar_food_menu_item style="line_between" item_name_heading_tag="h4" item_name="Sweet Tooth" text="$9" item_price="$9" item_description="Basically just a dessert "][nectar_food_menu_item style="line_between" item_name_heading_tag="h4" item_name="``Can't make up my mind``" text="$9" item_price="$12" item_description="Served with a sample of French toast"][/vc_column_inner][vc_column_inner enable_animation="true" animation="fade-in" column_padding="padding-4-percent" column_padding_position="all" background_color_opacity="1" width="1/2" column_border_width="2px" column_border_color="#3452ff" column_border_style="double_offset" enable_border_animation="true"][vc_column_text css=".vc_custom_1484520037671{margin-bottom: 30px !important;}"]
<h5>Breakfast Specials</h5>
[/vc_column_text][nectar_food_menu_item style="line_between" item_name_heading_tag="h4" item_name="Salient Style" text="$9" item_price="$17" item_description="Three scrambled eggs, bacon &amp; a side of hash browns"][nectar_food_menu_item style="line_between" item_name_heading_tag="h4" item_name="The Really Good Stuff" text="$9" item_price="$12" item_description="It's just plain and simple"][nectar_food_menu_item style="line_between" item_name_heading_tag="h4" item_name="Nectar's Choice" text="$9" item_price="$11" item_description="Ask your server for more details"][/vc_column_inner][/vc_row_inner][vc_row_inner column_margin="default" top_padding="60" text_align="left" css=".vc_custom_1486083303611{padding-right: 2% !important;padding-left: 2% !important;}"][vc_column_inner column_padding="padding-2-percent" column_padding_position="all" background_color_opacity="1" width="1/4" column_border_width="none" column_border_style="solid"][nectar_food_menu_item style="default" item_name_heading_tag="h4" item_name="Sodas" text="$9" item_price="$4" item_description="Coca cola, Pepsi, Sprite, Fanta, Nectar Soda, Salient Fizz"][/vc_column_inner][vc_column_inner column_padding="padding-2-percent" column_padding_position="all" background_color_opacity="1" width="1/4" column_border_width="none" column_border_style="solid"][nectar_food_menu_item style="default" item_name_heading_tag="h4" item_name="Tea" text="$9" item_price="$6" item_description="Green, Red, Black, Yellow, White Warm &amp; Hot"][/vc_column_inner][vc_column_inner column_padding="padding-2-percent" column_padding_position="all" background_color_opacity="1" width="1/4" column_border_width="none" column_border_style="solid"][nectar_food_menu_item style="default" item_name_heading_tag="h4" item_name="Juices" text="$9" item_price="$3" item_description="Orange, Apple, Vegetable, Strawberry, Blackberry, Lime"][/vc_column_inner][vc_column_inner column_padding="padding-2-percent" column_padding_position="all" background_color_opacity="1" width="1/4" column_border_width="none" column_border_style="solid"][nectar_food_menu_item style="default" item_name_heading_tag="h4" item_name="Water" text="$9" item_price="$1" item_description="Tap, Distilled, Reverse Osmosis "][/vc_column_inner][/vc_row_inner][/tab][tab title="Lunch" id="1486682634354-4-7" tab_id="1483371745354-1"][vc_row_inner column_margin="default" top_padding="30" text_align="left"][vc_column_inner enable_animation="true" animation="fade-in" column_padding="padding-4-percent" column_padding_position="all" background_color_opacity="1" width="1/2" column_border_width="none" column_border_style="solid"][vc_column_text css=".vc_custom_1486682668056{margin-bottom: 30px !important;}"]
<h5>Appetizers</h5>
[/vc_column_text][nectar_food_menu_item style="line_between" item_name_heading_tag="h4" item_name="Shrimp Cocktail" text="$9" item_price="$10" item_description="A little shrimp, a little cocktail "][nectar_food_menu_item style="line_between" item_name_heading_tag="h4" item_name="Fried Mozzarella " text="$9" item_price="$8" item_description="It's just plain and simple, but also tasty"][nectar_food_menu_item style="line_between" item_name_heading_tag="h4" item_name="Classic California" text="$9" item_price="$11" item_description="You know it's good, just order it"][/vc_column_inner][vc_column_inner enable_animation="true" animation="fade-in" column_padding="padding-4-percent" column_padding_position="all" background_color_opacity="1" width="1/2" column_border_width="none" column_border_style="solid"][vc_column_text css=".vc_custom_1486682675326{margin-bottom: 30px !important;}"]
<h5>Pasta</h5>
[/vc_column_text][nectar_food_menu_item style="line_between" item_name_heading_tag="h4" item_name="Nectar Linguine " text="$9" item_price="$15" item_description="The best pasta you'll ever eat"][nectar_food_menu_item style="line_between" item_name_heading_tag="h4" item_name="The Ravioli " text="$9" item_price="$17" item_description="Cooked to perfection by Chef Nectar "][nectar_food_menu_item style="line_between" item_name_heading_tag="h4" item_name="``Very Big`` Bowl" text="$9" item_price="$22" item_description="Made to share, four separate samples in one "][/vc_column_inner][/vc_row_inner][vc_row_inner column_margin="default" text_align="left"][vc_column_inner enable_animation="true" animation="fade-in" column_padding="padding-4-percent" column_padding_position="all" background_color_opacity="1" width="1/2" column_border_width="none" column_border_style="solid"][vc_column_text css=".vc_custom_1486682685532{margin-bottom: 30px !important;}"]
<h5>Sandwiches</h5>
[/vc_column_text][nectar_food_menu_item style="line_between" item_name_heading_tag="h4" item_name="The Italian" text="$9" item_price="$13" item_description="Smoked ham, peppers and your choice of cheese "][nectar_food_menu_item style="line_between" item_name_heading_tag="h4" item_name="Double Decker Club" text="$9" item_price="$12" item_description="Grilled chicken, tomato and cheese "][nectar_food_menu_item style="line_between" item_name_heading_tag="h4" item_name="Classic BLT" text="$9" item_price="$13" item_description="Bacon, Lettuce and Tomatoes "][nectar_food_menu_item style="line_between" item_name_heading_tag="h4" item_name="``Can't make up my mind``" text="$9" item_price="$12" item_description="Served with a sample of everything"][/vc_column_inner][vc_column_inner enable_animation="true" animation="fade-in" column_padding="padding-4-percent" column_padding_position="all" background_color_opacity="1" width="1/2" column_border_width="2px" column_border_color="#3452ff" column_border_style="double_offset" enable_border_animation="true"][vc_column_text css=".vc_custom_1486682692238{margin-bottom: 30px !important;}"]
<h5>Lunch Specials</h5>
[/vc_column_text][nectar_food_menu_item style="line_between" item_name_heading_tag="h4" item_name="Salient Style" text="$9" item_price="$17" item_description="Warn homemade chicken with melted cheese "][nectar_food_menu_item style="line_between" item_name_heading_tag="h4" item_name="The Really Good Stuff" text="$9" item_price="$12" item_description="It's just plain and simple"][nectar_food_menu_item style="line_between" item_name_heading_tag="h4" item_name="Nectar's Choice" text="$9" item_price="$11" item_description="Ask your server for more details"][/vc_column_inner][/vc_row_inner][vc_row_inner column_margin="default" top_padding="60" text_align="left" css=".vc_custom_1486083303611{padding-right: 2% !important;padding-left: 2% !important;}"][vc_column_inner column_padding="padding-2-percent" column_padding_position="all" background_color_opacity="1" width="1/4" column_border_width="none" column_border_style="solid"][nectar_food_menu_item style="default" item_name_heading_tag="h4" item_name="Sodas" text="$9" item_price="$4" item_description="Coca cola, Pepsi, Sprite, Fanta, Nectar Soda, Salient Fizz"][/vc_column_inner][vc_column_inner column_padding="padding-2-percent" column_padding_position="all" background_color_opacity="1" width="1/4" column_border_width="none" column_border_style="solid"][nectar_food_menu_item style="default" item_name_heading_tag="h4" item_name="Tea" text="$9" item_price="$6" item_description="Green, Red, Black, Yellow, White Warm &amp; Hot"][/vc_column_inner][vc_column_inner column_padding="padding-2-percent" column_padding_position="all" background_color_opacity="1" width="1/4" column_border_width="none" column_border_style="solid"][nectar_food_menu_item style="default" item_name_heading_tag="h4" item_name="Juices" text="$9" item_price="$3" item_description="Orange, Apple, Vegetable, Strawberry, Blackberry, Lime"][/vc_column_inner][vc_column_inner column_padding="padding-2-percent" column_padding_position="all" background_color_opacity="1" width="1/4" column_border_width="none" column_border_style="solid"][nectar_food_menu_item style="default" item_name_heading_tag="h4" item_name="Water" text="$9" item_price="$1" item_description="Tap, Distilled, Reverse Osmosis "][/vc_column_inner][/vc_row_inner][/tab][tab title="Dinner" id="1486683129769-4-9" tab_id="1483371745354-1"][vc_row_inner column_margin="default" top_padding="30" text_align="left"][vc_column_inner enable_animation="true" animation="fade-in" column_padding="padding-4-percent" column_padding_position="all" background_color_opacity="1" width="1/2" column_border_width="none" column_border_style="solid"][vc_column_text css=".vc_custom_1486682668056{margin-bottom: 30px !important;}"]
<h5>Appetizers</h5>
[/vc_column_text][nectar_food_menu_item style="line_between" item_name_heading_tag="h4" item_name="Fried Mozzarella " text="$9" item_price="$8" item_description="It's just plain and simple, but also tasty"][nectar_food_menu_item style="line_between" item_name_heading_tag="h4" item_name="Shrimp Cocktail" text="$9" item_price="$10" item_description="A little shrimp, a little cocktail "][nectar_food_menu_item style="line_between" item_name_heading_tag="h4" item_name="Classic California" text="$9" item_price="$11" item_description="You know it's good, just order it"][/vc_column_inner][vc_column_inner enable_animation="true" animation="fade-in" column_padding="padding-4-percent" column_padding_position="all" background_color_opacity="1" width="1/2" column_border_width="none" column_border_style="solid"][vc_column_text css=".vc_custom_1486683213935{margin-bottom: 30px !important;}"]
<h5>Salads</h5>
[/vc_column_text][nectar_food_menu_item style="line_between" item_name_heading_tag="h4" item_name="The Caesar " text="$9" item_price="$13" item_description="Served with choice of chicken &amp; cheese "][nectar_food_menu_item style="line_between" item_name_heading_tag="h4" item_name="Stuffed Tomato" text="$9" item_price="$12" item_description="Chicken Salad stuffed with Roma Tomatoes "][nectar_food_menu_item style="line_between" item_name_heading_tag="h4" item_name="Club Salda" text="$9" item_price="$12" item_description="Fresh romaine lettuce &amp; grated cheese"][/vc_column_inner][/vc_row_inner][vc_row_inner column_margin="default" text_align="left"][vc_column_inner enable_animation="true" animation="fade-in" column_padding="padding-4-percent" column_padding_position="all" background_color_opacity="1" width="1/2" column_border_width="none" column_border_style="solid"][vc_column_text css=".vc_custom_1486683207946{margin-bottom: 30px !important;}"]
<h5>Pasta</h5>
[/vc_column_text][nectar_food_menu_item style="line_between" item_name_heading_tag="h4" item_name="The Ravioli " text="$9" item_price="$27" item_description="Cooked to perfection by Chef Nectar "][nectar_food_menu_item style="line_between" item_name_heading_tag="h4" item_name="Nectar Linguine " text="$9" item_price="$25" item_description="The best pasta you'll ever eat"][nectar_food_menu_item style="line_between" item_name_heading_tag="h4" item_name="Vodka Sauce" text="$9" item_price="$22" item_description="With Grilled chicken, tomato and cheese "][nectar_food_menu_item style="line_between" item_name_heading_tag="h4" item_name="``Very Big`` Bowl" text="$9" item_price="$22" item_description="Made to share, four separate samples in one "][/vc_column_inner][vc_column_inner enable_animation="true" animation="fade-in" column_padding="padding-4-percent" column_padding_position="all" background_color_opacity="1" width="1/2" column_border_width="2px" column_border_color="#3452ff" column_border_style="double_offset" enable_border_animation="true"][vc_column_text css=".vc_custom_1486683185332{margin-bottom: 30px !important;}"]
<h5>Steak &amp; Seafood</h5>
[/vc_column_text][nectar_food_menu_item style="line_between" item_name_heading_tag="h4" item_name="Salient Filet" text="$9" item_price="$37" item_description="Served best medium rare "][nectar_food_menu_item style="line_between" item_name_heading_tag="h4" item_name="Oscar Salient FIlet" text="$9" item_price="$42" item_description="The Salient Filet with crab meat"][nectar_food_menu_item style="line_between" item_name_heading_tag="h4" item_name="Nectar's Choice" text="$9" item_price="$31" item_description="Ask your server for more details"][/vc_column_inner][/vc_row_inner][vc_row_inner column_margin="default" top_padding="60" text_align="left" css=".vc_custom_1486083303611{padding-right: 2% !important;padding-left: 2% !important;}"][vc_column_inner column_padding="padding-2-percent" column_padding_position="all" background_color_opacity="1" width="1/4" column_border_width="none" column_border_style="solid"][nectar_food_menu_item style="default" item_name_heading_tag="h4" item_name="Sodas" text="$9" item_price="$4" item_description="Coca cola, Pepsi, Sprite, Fanta, Nectar Soda, Salient Fizz"][/vc_column_inner][vc_column_inner column_padding="padding-2-percent" column_padding_position="all" background_color_opacity="1" width="1/4" column_border_width="none" column_border_style="solid"][nectar_food_menu_item style="default" item_name_heading_tag="h4" item_name="Tea" text="$9" item_price="$6" item_description="Green, Red, Black, Yellow, White Warm &amp; Hot"][/vc_column_inner][vc_column_inner column_padding="padding-2-percent" column_padding_position="all" background_color_opacity="1" width="1/4" column_border_width="none" column_border_style="solid"][nectar_food_menu_item style="default" item_name_heading_tag="h4" item_name="Juices" text="$9" item_price="$3" item_description="Orange, Apple, Vegetable, Strawberry, Blackberry, Lime"][/vc_column_inner][vc_column_inner column_padding="padding-2-percent" column_padding_position="all" background_color_opacity="1" width="1/4" column_border_width="none" column_border_style="solid"][nectar_food_menu_item style="default" item_name_heading_tag="h4" item_name="Water" text="$9" item_price="$1" item_description="Tap, Distilled, Reverse Osmosis "][/vc_column_inner][/vc_row_inner][/tab][tab title="Drink List" id="1486683598327-4-5" tab_id="1483371745354-1"][vc_row_inner column_margin="default" top_padding="30" text_align="left"][vc_column_inner enable_animation="true" animation="fade-in" column_padding="padding-4-percent" column_padding_position="all" background_color_opacity="1" width="1/2" column_border_width="none" column_border_style="solid"][vc_column_text css=".vc_custom_1486683632214{margin-bottom: 30px !important;}"]
<h5>Reds</h5>
[/vc_column_text][nectar_food_menu_item style="line_between" item_name_heading_tag="h4" item_name="Gina Pinot Noir" text="$9" item_price="$8" item_description="Black cherry notes, light bodied "][nectar_food_menu_item style="line_between" item_name_heading_tag="h4" item_name="Guilty Pleasure Merlot" text="$9" item_price="$10" item_description="Medium to full bodied, premium taste"][nectar_food_menu_item style="line_between" item_name_heading_tag="h4" item_name="Classic California" text="$9" item_price="$11" item_description="You know it's good, just order it"][/vc_column_inner][vc_column_inner enable_animation="true" animation="fade-in" column_padding="padding-4-percent" column_padding_position="all" background_color_opacity="1" width="1/2" column_border_width="none" column_border_style="solid"][vc_column_text css=".vc_custom_1486683638682{margin-bottom: 30px !important;}"]
<h5>Whites</h5>
[/vc_column_text][nectar_food_menu_item style="line_between" item_name_heading_tag="h4" item_name="Flawless Pinot Grigo" text="$9" item_price="$10" item_description="Fresh, medium bodied "][nectar_food_menu_item style="line_between" item_name_heading_tag="h4" item_name="Sauvignon Blanc " text="$9" item_price="$12" item_description="The perfect medium bodied white"][nectar_food_menu_item style="line_between" item_name_heading_tag="h4" item_name="Chardon-hey " text="$9" item_price="$12" item_description="Chardonnay with a little twist"][/vc_column_inner][/vc_row_inner][vc_row_inner column_margin="default" text_align="left"][vc_column_inner enable_animation="true" animation="fade-in" column_padding="padding-4-percent" column_padding_position="all" background_color_opacity="1" width="1/2" column_border_width="none" column_border_style="solid"][vc_column_text css=".vc_custom_1486683647410{margin-bottom: 30px !important;}"]
<h5>Rose</h5>
[/vc_column_text][nectar_food_menu_item style="line_between" item_name_heading_tag="h4" item_name="Pacific Heights" text="$9" item_price="$12" item_description="A fun light tasty addition "][nectar_food_menu_item style="line_between" item_name_heading_tag="h4" item_name="Friday night out" text="$9" item_price="$11" item_description="Medium - full bodied mix"][nectar_food_menu_item style="line_between" item_name_heading_tag="h4" item_name="The Gavel" text="$9" item_price="$12" item_description="Earthy flavorsome notes "][/vc_column_inner][vc_column_inner enable_animation="true" animation="fade-in" column_padding="padding-4-percent" column_padding_position="all" background_color_opacity="1" width="1/2" column_border_width="none" column_border_style="solid"][vc_column_text css=".vc_custom_1486683943715{margin-bottom: 30px !important;}"]
<h5>Blends</h5>
[/vc_column_text][nectar_food_menu_item style="line_between" item_name_heading_tag="h4" item_name="Petit Verdot " text="$9" item_price="$17" item_description="Once you try it, you'll never want anything else"][nectar_food_menu_item style="line_between" item_name_heading_tag="h4" item_name="Shiraz Dom" text="$9" item_price="$12" item_description="The drink to end your dinner with"][nectar_food_menu_item style="line_between" item_name_heading_tag="h4" item_name="Nectar's Choice" text="$9" item_price="$17" item_description="Ask your server for more details"][/vc_column_inner][/vc_row_inner][/tab][/tabbed_section][/vc_column][/vc_row][vc_row type="full_width_background" full_screen_row_position="middle" bg_image="https://source.unsplash.com/WUu5CX-u-L8" bg_position="center center" bg_repeat="no-repeat" parallax_bg="true" parallax_bg_speed="fast" scene_position="center" text_color="light" text_align="left" top_padding="13%" bottom_padding="13%" color_overlay="#000000" overlay_strength="0.5"][vc_column column_padding="no-extra-padding" column_padding_position="all" background_color_opacity="1" background_hover_color_opacity="1" column_shadow="none" width="1/1" tablet_text_alignment="default" phone_text_alignment="default" column_border_width="none" column_border_style="solid"][vc_row_inner column_margin="default" bottom_padding="3%" text_align="left"][vc_column_inner column_padding="no-extra-padding" column_padding_position="all" background_color_opacity="1" width="1/3" column_border_width="none" column_border_style="solid"][/vc_column_inner][vc_column_inner enable_animation="true" animation="fade-in" column_padding="padding-3-percent" column_padding_position="all" centered_text="true" background_color_opacity="1" width="1/3" column_border_width="2px" column_border_color="#ffffff" column_border_style="double_offset" enable_border_animation="true"][vc_column_text]
<h3>The Press</h3>
[/vc_column_text][/vc_column_inner][vc_column_inner column_padding="no-extra-padding" column_padding_position="all" background_color_opacity="1" width="1/3" column_border_width="none" column_border_style="solid"][/vc_column_inner][/vc_row_inner][testimonial_slider style="minimal" star_rating_color="accent-color" disable_height_animation="true"][testimonial star_rating="none" title="Testimonial" id="1483399344-1-17" tab_id="1483399574726-0" name="Chase Carlson" subtitle="Salient FoodMag" quote="Something magical happened to my taste buds, it was one of the most beautiful things that I've ever experienced. ar far away, behind the word mountains, far from the countries Vokalia and Consonantia, there live the blind texts. Separated they live."] Click the edit button to add your testimonial. [/testimonial][testimonial star_rating="none" title="Testimonial" id="1486684673132-0-8" tab_id="1483399574726-0" name="Carley Kohen " subtitle="WeDoFood" quote="The subline of her own road, the Line Lane. Pityful a rethoric question ran over her cheek, then The Big Oxmox advised her not to do so, because there were thousands of bad Commas."] Click the edit button to add your testimonial. [/testimonial][testimonial star_rating="none" title="Testimonial" id="1483399749687-0-3" tab_id="1483399574726-0" name="Corey Smith" subtitle="FoodReviewz" quote="A small river named Duden flows by their place and supplies it with the necessary regelialia. It is a paradisematic country, in which roasted parts of sentences fly into your mouth. Even the all-powerful Pointing has no control."] Click the edit button to add your testimonial. [/testimonial][/testimonial_slider][/vc_column][/vc_row][vc_row type="full_width_background" full_screen_row_position="middle" bg_color="#ffffff" scene_position="center" text_color="dark" text_align="left" id="gallery" overlay_strength="0.3"][vc_column column_padding="no-extra-padding" column_padding_position="all" background_color_opacity="1" background_hover_color_opacity="1" column_shadow="none" width="1/1" tablet_text_alignment="default" phone_text_alignment="default" column_border_width="none" column_border_style="solid"][vc_gallery type="image_grid" images="901,902,903,904,905,906,907,908" layout="fullwidth" masonry_style="true" item_spacing="4px" constrain_max_cols="true" gallery_style="7" load_in_animation="fade_in_from_bottom" img_size="full"][/vc_column][/vc_row][vc_row type="full_width_content" full_screen_row_position="middle" scene_position="center" text_color="dark" text_align="left" id="contact" overlay_strength="0.3"][vc_column column_padding="no-extra-padding" column_padding_position="all" background_color_opacity="1" background_hover_color_opacity="1" column_shadow="none" width="1/1" tablet_text_alignment="default" phone_text_alignment="default" column_border_width="none" column_border_style="solid"][nectar_gmap zoom="17" enable_zoom="1" marker_style="nectar" nectar_marker_color="accent-color" map_greyscale="1" dark_color_scheme="1" size="600" map_center_lat="39.949" map_center_lng="-75.171" map_markers="39.949|-75.171|Our Location
40.793|-73.954|Our Location #2"][/vc_column][/vc_row][vc_row type="full_width_background" full_screen_row_position="middle" bg_image="https://source.unsplash.com/25joi4xC-DU" bg_position="center center" bg_repeat="no-repeat" parallax_bg="true" parallax_bg_speed="fast" bg_color="#000000" scene_position="center" text_color="light" text_align="left" top_padding="8%" bottom_padding="8%" color_overlay="#000000" overlay_strength="0.8"][vc_column centered_text="true" column_padding="no-extra-padding" column_padding_position="all" background_color_opacity="1" background_hover_color_opacity="1" column_shadow="none" width="1/1" tablet_text_alignment="default" phone_text_alignment="default" column_border_width="none" column_border_style="solid"][vc_row_inner column_margin="default" text_align="left"][vc_column_inner column_padding="no-extra-padding" column_padding_position="all" background_color_opacity="1" width="1/6" column_border_width="none" column_border_style="solid"][/vc_column_inner][vc_column_inner enable_animation="true" animation="fade-in-from-bottom" column_padding="no-extra-padding" column_padding_position="all" centered_text="true" background_color_opacity="1" width="2/3" column_border_width="none" column_border_style="solid"][vc_column_text css=".vc_custom_1487011499391{margin-bottom: 35px !important;}"]
<h2>Come in and eat with us</h2>
[/vc_column_text][/vc_column_inner][vc_column_inner column_padding="no-extra-padding" column_padding_position="all" background_color_opacity="1" width="1/6" column_border_width="none" column_border_style="solid"][/vc_column_inner][/vc_row_inner][vc_row_inner column_margin="default" text_align="left"][vc_column_inner enable_animation="true" animation="fade-in-from-bottom" column_padding="padding-2-percent" column_padding_position="all" background_color_opacity="1" width="1/3" column_border_width="none" column_border_style="solid"][vc_column_text]<strong>Monday – Thursday:</strong> 9:00 am – 10:00 pm[/vc_column_text][vc_custom_heading text="<i>Food service until 9:00 pm</i>" font_container="tag:p|text_align:center|color:rgba(255%2C255%2C255%2C0.7)" use_theme_fonts="yes"][/vc_column_inner][vc_column_inner enable_animation="true" animation="fade-in-from-bottom" column_padding="padding-2-percent" column_padding_position="all" background_color_opacity="1" width="1/3" column_border_width="none" column_border_style="solid" delay="100"][vc_column_text]<strong>Friday - Saturday:</strong> 9:00 am – Midnight[/vc_column_text][vc_custom_heading text="<i>Food service until 10:00 pm</i>" font_container="tag:p|text_align:center|color:rgba(255%2C255%2C255%2C0.7)" use_theme_fonts="yes"][/vc_column_inner][vc_column_inner enable_animation="true" animation="fade-in-from-bottom" column_padding="padding-2-percent" column_padding_position="all" background_color_opacity="1" width="1/3" column_border_width="none" column_border_style="solid" delay="200"][vc_column_text]<strong>Sunday:</strong> 11:00 am – 10:00 pm[/vc_column_text][vc_custom_heading text="<i>Food service until 9:00 pm</i>" font_container="tag:p|text_align:center|color:rgba(255%2C255%2C255%2C0.7)" use_theme_fonts="yes"][/vc_column_inner][/vc_row_inner][vc_row_inner column_margin="default" text_align="left"][vc_column_inner enable_animation="true" animation="grow-in" column_padding="no-extra-padding" column_padding_position="all" background_color_opacity="1" width="1/1" column_border_width="none" column_border_style="solid" delay="300"][nectar_btn size="jumbo" open_new_tab="true" button_style="regular" button_color_2="Accent-Color" icon_family="none" url="http://opentable.com" text="Make A Reservation" margin_top="35"][/vc_column_inner][/vc_row_inner][/vc_column][/vc_row]]]></content:encoded>
		<excerpt:encoded><![CDATA[]]></excerpt:encoded>
		<wp:post_id>4</wp:post_id>
		<wp:post_date><![CDATA[2017-02-03 00:10:55]]></wp:post_date>
		<wp:post_date_gmt><![CDATA[2017-02-03 00:10:55]]></wp:post_date_gmt>
		<wp:comment_status><![CDATA[closed]]></wp:comment_status>
		<wp:ping_status><![CDATA[closed]]></wp:ping_status>
		<wp:post_name><![CDATA[restaurant-home-page]]></wp:post_name>
		<wp:status><![CDATA[publish]]></wp:status>
		<wp:post_parent>0</wp:post_parent>
		<wp:menu_order>0</wp:menu_order>
		<wp:post_type><![CDATA[page]]></wp:post_type>
		<wp:post_password><![CDATA[]]></wp:post_password>
		<wp:is_sticky>0</wp:is_sticky>
		<wp:postmeta>
			<wp:meta_key><![CDATA[_edit_last]]></wp:meta_key>
			<wp:meta_value><![CDATA[1]]></wp:meta_value>
		</wp:postmeta>
		<wp:postmeta>
			<wp:meta_key><![CDATA[_wp_page_template]]></wp:meta_key>
			<wp:meta_value><![CDATA[default]]></wp:meta_value>
		</wp:postmeta>
		<wp:postmeta>
			<wp:meta_key><![CDATA[nectar-metabox-portfolio-display]]></wp:meta_key>
			<wp:meta_value><![CDATA[a:1:{i:0;s:3:"all";}]]></wp:meta_value>
		</wp:postmeta>
		<wp:postmeta>
			<wp:meta_key><![CDATA[nectar-metabox-portfolio-display-sortable]]></wp:meta_key>
			<wp:meta_value><![CDATA[off]]></wp:meta_value>
		</wp:postmeta>
		<wp:postmeta>
			<wp:meta_key><![CDATA[_nectar_full_screen_rows]]></wp:meta_key>
			<wp:meta_value><![CDATA[off]]></wp:meta_value>
		</wp:postmeta>
		<wp:postmeta>
			<wp:meta_key><![CDATA[_nectar_full_screen_rows_animation]]></wp:meta_key>
			<wp:meta_value><![CDATA[none]]></wp:meta_value>
		</wp:postmeta>
		<wp:postmeta>
			<wp:meta_key><![CDATA[_nectar_full_screen_rows_animation_speed]]></wp:meta_key>
			<wp:meta_value><![CDATA[medium]]></wp:meta_value>
		</wp:postmeta>
		<wp:postmeta>
			<wp:meta_key><![CDATA[_nectar_full_screen_rows_overall_bg_color]]></wp:meta_key>
			<wp:meta_value><![CDATA[]]></wp:meta_value>
		</wp:postmeta>
		<wp:postmeta>
			<wp:meta_key><![CDATA[_nectar_full_screen_rows_anchors]]></wp:meta_key>
			<wp:meta_value><![CDATA[off]]></wp:meta_value>
		</wp:postmeta>
		<wp:postmeta>
			<wp:meta_key><![CDATA[_nectar_full_screen_rows_mobile_disable]]></wp:meta_key>
			<wp:meta_value><![CDATA[off]]></wp:meta_value>
		</wp:postmeta>
		<wp:postmeta>
			<wp:meta_key><![CDATA[_nectar_full_screen_rows_row_bg_animation]]></wp:meta_key>
			<wp:meta_value><![CDATA[none]]></wp:meta_value>
		</wp:postmeta>
		<wp:postmeta>
			<wp:meta_key><![CDATA[_nectar_full_screen_rows_dot_navigation]]></wp:meta_key>
			<wp:meta_value><![CDATA[tooltip]]></wp:meta_value>
		</wp:postmeta>
		<wp:postmeta>
			<wp:meta_key><![CDATA[_nectar_full_screen_rows_content_overflow]]></wp:meta_key>
			<wp:meta_value><![CDATA[scrollbar]]></wp:meta_value>
		</wp:postmeta>
		<wp:postmeta>
			<wp:meta_key><![CDATA[_nectar_full_screen_rows_footer]]></wp:meta_key>
			<wp:meta_value><![CDATA[none]]></wp:meta_value>
		</wp:postmeta>
		<wp:postmeta>
			<wp:meta_key><![CDATA[_nectar_slider_bg_type]]></wp:meta_key>
			<wp:meta_value><![CDATA[image_bg]]></wp:meta_value>
		</wp:postmeta>
		<wp:postmeta>
			<wp:meta_key><![CDATA[_nectar_canvas_shapes]]></wp:meta_key>
			<wp:meta_value><![CDATA[]]></wp:meta_value>
		</wp:postmeta>
		<wp:postmeta>
			<wp:meta_key><![CDATA[_nectar_media_upload_webm]]></wp:meta_key>
			<wp:meta_value><![CDATA[]]></wp:meta_value>
		</wp:postmeta>
		<wp:postmeta>
			<wp:meta_key><![CDATA[_nectar_media_upload_mp4]]></wp:meta_key>
			<wp:meta_value><![CDATA[]]></wp:meta_value>
		</wp:postmeta>
		<wp:postmeta>
			<wp:meta_key><![CDATA[_nectar_media_upload_ogv]]></wp:meta_key>
			<wp:meta_value><![CDATA[]]></wp:meta_value>
		</wp:postmeta>
		<wp:postmeta>
			<wp:meta_key><![CDATA[_nectar_slider_preview_image]]></wp:meta_key>
			<wp:meta_value><![CDATA[]]></wp:meta_value>
		</wp:postmeta>
		<wp:postmeta>
			<wp:meta_key><![CDATA[_nectar_header_bg]]></wp:meta_key>
			<wp:meta_value><![CDATA[]]></wp:meta_value>
		</wp:postmeta>
		<wp:postmeta>
			<wp:meta_key><![CDATA[_nectar_header_parallax]]></wp:meta_key>
			<wp:meta_value><![CDATA[off]]></wp:meta_value>
		</wp:postmeta>
		<wp:postmeta>
			<wp:meta_key><![CDATA[_nectar_header_box_roll]]></wp:meta_key>
			<wp:meta_value><![CDATA[off]]></wp:meta_value>
		</wp:postmeta>
		<wp:postmeta>
			<wp:meta_key><![CDATA[_nectar_header_bg_height]]></wp:meta_key>
			<wp:meta_value><![CDATA[]]></wp:meta_value>
		</wp:postmeta>
		<wp:postmeta>
			<wp:meta_key><![CDATA[_nectar_header_fullscreen]]></wp:meta_key>
			<wp:meta_value><![CDATA[off]]></wp:meta_value>
		</wp:postmeta>
		<wp:postmeta>
			<wp:meta_key><![CDATA[_nectar_header_title]]></wp:meta_key>
			<wp:meta_value><![CDATA[]]></wp:meta_value>
		</wp:postmeta>
		<wp:postmeta>
			<wp:meta_key><![CDATA[_nectar_header_subtitle]]></wp:meta_key>
			<wp:meta_value><![CDATA[]]></wp:meta_value>
		</wp:postmeta>
		<wp:postmeta>
			<wp:meta_key><![CDATA[_nectar_page_header_text-effect]]></wp:meta_key>
			<wp:meta_value><![CDATA[none]]></wp:meta_value>
		</wp:postmeta>
		<wp:postmeta>
			<wp:meta_key><![CDATA[_nectar_particle_rotation_timing]]></wp:meta_key>
			<wp:meta_value><![CDATA[]]></wp:meta_value>
		</wp:postmeta>
		<wp:postmeta>
			<wp:meta_key><![CDATA[_nectar_particle_disable_explosion]]></wp:meta_key>
			<wp:meta_value><![CDATA[off]]></wp:meta_value>
		</wp:postmeta>
		<wp:postmeta>
			<wp:meta_key><![CDATA[_nectar_page_header_alignment]]></wp:meta_key>
			<wp:meta_value><![CDATA[left]]></wp:meta_value>
		</wp:postmeta>
		<wp:postmeta>
			<wp:meta_key><![CDATA[_nectar_page_header_alignment_v]]></wp:meta_key>
			<wp:meta_value><![CDATA[middle]]></wp:meta_value>
		</wp:postmeta>
		<wp:postmeta>
			<wp:meta_key><![CDATA[_nectar_page_header_bg_alignment]]></wp:meta_key>
			<wp:meta_value><![CDATA[center]]></wp:meta_value>
		</wp:postmeta>
		<wp:postmeta>
			<wp:meta_key><![CDATA[_nectar_header_bg_color]]></wp:meta_key>
			<wp:meta_value><![CDATA[]]></wp:meta_value>
		</wp:postmeta>
		<wp:postmeta>
			<wp:meta_key><![CDATA[_nectar_header_font_color]]></wp:meta_key>
			<wp:meta_value><![CDATA[]]></wp:meta_value>
		</wp:postmeta>
		<wp:postmeta>
			<wp:meta_key><![CDATA[_nectar_header_bg_overlay_color]]></wp:meta_key>
			<wp:meta_value><![CDATA[]]></wp:meta_value>
		</wp:postmeta>
		<wp:postmeta>
			<wp:meta_key><![CDATA[_disable_transparent_header]]></wp:meta_key>
			<wp:meta_value><![CDATA[off]]></wp:meta_value>
		</wp:postmeta>
		<wp:postmeta>
			<wp:meta_key><![CDATA[_force_transparent_header]]></wp:meta_key>
			<wp:meta_value><![CDATA[on]]></wp:meta_value>
		</wp:postmeta>
		<wp:postmeta>
			<wp:meta_key><![CDATA[_wpb_vc_js_status]]></wp:meta_key>
			<wp:meta_value><![CDATA[true]]></wp:meta_value>
		</wp:postmeta>
		<wp:postmeta>
			<wp:meta_key><![CDATA[_vc_post_settings]]></wp:meta_key>
			<wp:meta_value><![CDATA[a:1:{s:10:"vc_grid_id";a:0:{}}]]></wp:meta_value>
		</wp:postmeta>
		<wp:postmeta>
			<wp:meta_key><![CDATA[_wpb_shortcodes_custom_css]]></wp:meta_key>
			<wp:meta_value><![CDATA[.vc_custom_1486684329109{background-color: #ffffff !important;}.vc_custom_1483408994148{margin-top: 40px !important;}.vc_custom_1483409005371{margin-top: 40px !important;}.vc_custom_1483374687395{margin-top: 40px !important;margin-bottom: 20px !important;}.vc_custom_1483374679842{margin-bottom: 20px !important;}.vc_custom_1483373919590{margin-bottom: 40px !important;}.vc_custom_1486083303611{padding-right: 2% !important;padding-left: 2% !important;}.vc_custom_1484520003986{margin-bottom: 30px !important;}.vc_custom_1484520027757{margin-bottom: 30px !important;}.vc_custom_1484520078924{margin-bottom: 30px !important;}.vc_custom_1484520037671{margin-bottom: 30px !important;}.vc_custom_1486083303611{padding-right: 2% !important;padding-left: 2% !important;}.vc_custom_1486682668056{margin-bottom: 30px !important;}.vc_custom_1486682675326{margin-bottom: 30px !important;}.vc_custom_1486682685532{margin-bottom: 30px !important;}.vc_custom_1486682692238{margin-bottom: 30px !important;}.vc_custom_1486083303611{padding-right: 2% !important;padding-left: 2% !important;}.vc_custom_1486682668056{margin-bottom: 30px !important;}.vc_custom_1486683213935{margin-bottom: 30px !important;}.vc_custom_1486683207946{margin-bottom: 30px !important;}.vc_custom_1486683185332{margin-bottom: 30px !important;}.vc_custom_1486683632214{margin-bottom: 30px !important;}.vc_custom_1486683638682{margin-bottom: 30px !important;}.vc_custom_1486683647410{margin-bottom: 30px !important;}.vc_custom_1486683943715{margin-bottom: 30px !important;}.vc_custom_1487011499391{margin-bottom: 35px !important;}]]></wp:meta_value>
		</wp:postmeta>
	</item>
	<item>
		<title>About</title>
		<link>http://themenectar.com/demo/salient-restaurant/about/</link>
		<pubDate>Fri, 03 Feb 2017 00:40:18 +0000</pubDate>
		<dc:creator><![CDATA[themenectar]]></dc:creator>
		<guid isPermaLink="false">http://themenectar.com/demo/salient-restaurant/?p=30</guid>
		<description></description>
		<content:encoded><![CDATA[]]></content:encoded>
		<excerpt:encoded><![CDATA[]]></excerpt:encoded>
		<wp:post_id>30</wp:post_id>
		<wp:post_date><![CDATA[2017-02-03 00:40:18]]></wp:post_date>
		<wp:post_date_gmt><![CDATA[2017-02-03 00:40:18]]></wp:post_date_gmt>
		<wp:comment_status><![CDATA[closed]]></wp:comment_status>
		<wp:ping_status><![CDATA[closed]]></wp:ping_status>
		<wp:post_name><![CDATA[about]]></wp:post_name>
		<wp:status><![CDATA[publish]]></wp:status>
		<wp:post_parent>0</wp:post_parent>
		<wp:menu_order>1</wp:menu_order>
		<wp:post_type><![CDATA[nav_menu_item]]></wp:post_type>
		<wp:post_password><![CDATA[]]></wp:post_password>
		<wp:is_sticky>0</wp:is_sticky>
		<category domain="nav_menu" nicename="restaurant-menu"><![CDATA[Restaurant Menu]]></category>
		<wp:postmeta>
			<wp:meta_key><![CDATA[_vc_post_settings]]></wp:meta_key>
			<wp:meta_value><![CDATA[a:1:{s:10:"vc_grid_id";a:0:{}}]]></wp:meta_value>
		</wp:postmeta>
		<wp:postmeta>
			<wp:meta_key><![CDATA[_menu_item_type]]></wp:meta_key>
			<wp:meta_value><![CDATA[custom]]></wp:meta_value>
		</wp:postmeta>
		<wp:postmeta>
			<wp:meta_key><![CDATA[_menu_item_menu_item_parent]]></wp:meta_key>
			<wp:meta_value><![CDATA[0]]></wp:meta_value>
		</wp:postmeta>
		<wp:postmeta>
			<wp:meta_key><![CDATA[_menu_item_object_id]]></wp:meta_key>
			<wp:meta_value><![CDATA[30]]></wp:meta_value>
		</wp:postmeta>
		<wp:postmeta>
			<wp:meta_key><![CDATA[_menu_item_object]]></wp:meta_key>
			<wp:meta_value><![CDATA[custom]]></wp:meta_value>
		</wp:postmeta>
		<wp:postmeta>
			<wp:meta_key><![CDATA[_menu_item_target]]></wp:meta_key>
			<wp:meta_value><![CDATA[]]></wp:meta_value>
		</wp:postmeta>
		<wp:postmeta>
			<wp:meta_key><![CDATA[_menu_item_classes]]></wp:meta_key>
			<wp:meta_value><![CDATA[a:1:{i:0;s:0:"";}]]></wp:meta_value>
		</wp:postmeta>
		<wp:postmeta>
			<wp:meta_key><![CDATA[_menu_item_xfn]]></wp:meta_key>
			<wp:meta_value><![CDATA[]]></wp:meta_value>
		</wp:postmeta>
		<wp:postmeta>
			<wp:meta_key><![CDATA[_menu_item_url]]></wp:meta_key>
			<wp:meta_value><![CDATA[#about]]></wp:meta_value>
		</wp:postmeta>
	</item>
	<item>
		<title>Menu</title>
		<link>http://themenectar.com/demo/salient-restaurant/menu/</link>
		<pubDate>Fri, 03 Feb 2017 00:40:18 +0000</pubDate>
		<dc:creator><![CDATA[themenectar]]></dc:creator>
		<guid isPermaLink="false">http://themenectar.com/demo/salient-restaurant/?p=31</guid>
		<description></description>
		<content:encoded><![CDATA[]]></content:encoded>
		<excerpt:encoded><![CDATA[]]></excerpt:encoded>
		<wp:post_id>31</wp:post_id>
		<wp:post_date><![CDATA[2017-02-03 00:40:18]]></wp:post_date>
		<wp:post_date_gmt><![CDATA[2017-02-03 00:40:18]]></wp:post_date_gmt>
		<wp:comment_status><![CDATA[closed]]></wp:comment_status>
		<wp:ping_status><![CDATA[closed]]></wp:ping_status>
		<wp:post_name><![CDATA[menu]]></wp:post_name>
		<wp:status><![CDATA[publish]]></wp:status>
		<wp:post_parent>0</wp:post_parent>
		<wp:menu_order>2</wp:menu_order>
		<wp:post_type><![CDATA[nav_menu_item]]></wp:post_type>
		<wp:post_password><![CDATA[]]></wp:post_password>
		<wp:is_sticky>0</wp:is_sticky>
		<category domain="nav_menu" nicename="restaurant-menu"><![CDATA[Restaurant Menu]]></category>
		<wp:postmeta>
			<wp:meta_key><![CDATA[_vc_post_settings]]></wp:meta_key>
			<wp:meta_value><![CDATA[a:1:{s:10:"vc_grid_id";a:0:{}}]]></wp:meta_value>
		</wp:postmeta>
		<wp:postmeta>
			<wp:meta_key><![CDATA[_menu_item_type]]></wp:meta_key>
			<wp:meta_value><![CDATA[custom]]></wp:meta_value>
		</wp:postmeta>
		<wp:postmeta>
			<wp:meta_key><![CDATA[_menu_item_menu_item_parent]]></wp:meta_key>
			<wp:meta_value><![CDATA[0]]></wp:meta_value>
		</wp:postmeta>
		<wp:postmeta>
			<wp:meta_key><![CDATA[_menu_item_object_id]]></wp:meta_key>
			<wp:meta_value><![CDATA[31]]></wp:meta_value>
		</wp:postmeta>
		<wp:postmeta>
			<wp:meta_key><![CDATA[_menu_item_object]]></wp:meta_key>
			<wp:meta_value><![CDATA[custom]]></wp:meta_value>
		</wp:postmeta>
		<wp:postmeta>
			<wp:meta_key><![CDATA[_menu_item_target]]></wp:meta_key>
			<wp:meta_value><![CDATA[]]></wp:meta_value>
		</wp:postmeta>
		<wp:postmeta>
			<wp:meta_key><![CDATA[_menu_item_classes]]></wp:meta_key>
			<wp:meta_value><![CDATA[a:1:{i:0;s:0:"";}]]></wp:meta_value>
		</wp:postmeta>
		<wp:postmeta>
			<wp:meta_key><![CDATA[_menu_item_xfn]]></wp:meta_key>
			<wp:meta_value><![CDATA[]]></wp:meta_value>
		</wp:postmeta>
		<wp:postmeta>
			<wp:meta_key><![CDATA[_menu_item_url]]></wp:meta_key>
			<wp:meta_value><![CDATA[#menu]]></wp:meta_value>
		</wp:postmeta>
	</item>
	<item>
		<title>Gallery</title>
		<link>http://themenectar.com/demo/salient-restaurant/gallery/</link>
		<pubDate>Fri, 03 Feb 2017 00:40:18 +0000</pubDate>
		<dc:creator><![CDATA[themenectar]]></dc:creator>
		<guid isPermaLink="false">http://themenectar.com/demo/salient-restaurant/?p=32</guid>
		<description></description>
		<content:encoded><![CDATA[]]></content:encoded>
		<excerpt:encoded><![CDATA[]]></excerpt:encoded>
		<wp:post_id>32</wp:post_id>
		<wp:post_date><![CDATA[2017-02-03 00:40:18]]></wp:post_date>
		<wp:post_date_gmt><![CDATA[2017-02-03 00:40:18]]></wp:post_date_gmt>
		<wp:comment_status><![CDATA[closed]]></wp:comment_status>
		<wp:ping_status><![CDATA[closed]]></wp:ping_status>
		<wp:post_name><![CDATA[gallery]]></wp:post_name>
		<wp:status><![CDATA[publish]]></wp:status>
		<wp:post_parent>0</wp:post_parent>
		<wp:menu_order>3</wp:menu_order>
		<wp:post_type><![CDATA[nav_menu_item]]></wp:post_type>
		<wp:post_password><![CDATA[]]></wp:post_password>
		<wp:is_sticky>0</wp:is_sticky>
		<category domain="nav_menu" nicename="restaurant-menu"><![CDATA[Restaurant Menu]]></category>
		<wp:postmeta>
			<wp:meta_key><![CDATA[_vc_post_settings]]></wp:meta_key>
			<wp:meta_value><![CDATA[a:1:{s:10:"vc_grid_id";a:0:{}}]]></wp:meta_value>
		</wp:postmeta>
		<wp:postmeta>
			<wp:meta_key><![CDATA[_menu_item_type]]></wp:meta_key>
			<wp:meta_value><![CDATA[custom]]></wp:meta_value>
		</wp:postmeta>
		<wp:postmeta>
			<wp:meta_key><![CDATA[_menu_item_menu_item_parent]]></wp:meta_key>
			<wp:meta_value><![CDATA[0]]></wp:meta_value>
		</wp:postmeta>
		<wp:postmeta>
			<wp:meta_key><![CDATA[_menu_item_object_id]]></wp:meta_key>
			<wp:meta_value><![CDATA[32]]></wp:meta_value>
		</wp:postmeta>
		<wp:postmeta>
			<wp:meta_key><![CDATA[_menu_item_object]]></wp:meta_key>
			<wp:meta_value><![CDATA[custom]]></wp:meta_value>
		</wp:postmeta>
		<wp:postmeta>
			<wp:meta_key><![CDATA[_menu_item_target]]></wp:meta_key>
			<wp:meta_value><![CDATA[]]></wp:meta_value>
		</wp:postmeta>
		<wp:postmeta>
			<wp:meta_key><![CDATA[_menu_item_classes]]></wp:meta_key>
			<wp:meta_value><![CDATA[a:1:{i:0;s:0:"";}]]></wp:meta_value>
		</wp:postmeta>
		<wp:postmeta>
			<wp:meta_key><![CDATA[_menu_item_xfn]]></wp:meta_key>
			<wp:meta_value><![CDATA[]]></wp:meta_value>
		</wp:postmeta>
		<wp:postmeta>
			<wp:meta_key><![CDATA[_menu_item_url]]></wp:meta_key>
			<wp:meta_value><![CDATA[#gallery]]></wp:meta_value>
		</wp:postmeta>
	</item>
	<item>
		<title>Contact</title>
		<link>http://themenectar.com/demo/salient-restaurant/contact/</link>
		<pubDate>Mon, 13 Feb 2017 19:04:20 +0000</pubDate>
		<dc:creator><![CDATA[themenectar]]></dc:creator>
		<guid isPermaLink="false">http://themenectar.com/demo/salient-restaurant/?p=103</guid>
		<description></description>
		<content:encoded><![CDATA[]]></content:encoded>
		<excerpt:encoded><![CDATA[]]></excerpt:encoded>
		<wp:post_id>103</wp:post_id>
		<wp:post_date><![CDATA[2017-02-13 19:04:20]]></wp:post_date>
		<wp:post_date_gmt><![CDATA[2017-02-13 19:04:20]]></wp:post_date_gmt>
		<wp:comment_status><![CDATA[closed]]></wp:comment_status>
		<wp:ping_status><![CDATA[closed]]></wp:ping_status>
		<wp:post_name><![CDATA[contact]]></wp:post_name>
		<wp:status><![CDATA[publish]]></wp:status>
		<wp:post_parent>0</wp:post_parent>
		<wp:menu_order>4</wp:menu_order>
		<wp:post_type><![CDATA[nav_menu_item]]></wp:post_type>
		<wp:post_password><![CDATA[]]></wp:post_password>
		<wp:is_sticky>0</wp:is_sticky>
		<category domain="nav_menu" nicename="restaurant-menu"><![CDATA[Restaurant Menu]]></category>
		<wp:postmeta>
			<wp:meta_key><![CDATA[_vc_post_settings]]></wp:meta_key>
			<wp:meta_value><![CDATA[a:1:{s:10:"vc_grid_id";a:0:{}}]]></wp:meta_value>
		</wp:postmeta>
		<wp:postmeta>
			<wp:meta_key><![CDATA[_menu_item_type]]></wp:meta_key>
			<wp:meta_value><![CDATA[custom]]></wp:meta_value>
		</wp:postmeta>
		<wp:postmeta>
			<wp:meta_key><![CDATA[_menu_item_menu_item_parent]]></wp:meta_key>
			<wp:meta_value><![CDATA[0]]></wp:meta_value>
		</wp:postmeta>
		<wp:postmeta>
			<wp:meta_key><![CDATA[_menu_item_object_id]]></wp:meta_key>
			<wp:meta_value><![CDATA[103]]></wp:meta_value>
		</wp:postmeta>
		<wp:postmeta>
			<wp:meta_key><![CDATA[_menu_item_object]]></wp:meta_key>
			<wp:meta_value><![CDATA[custom]]></wp:meta_value>
		</wp:postmeta>
		<wp:postmeta>
			<wp:meta_key><![CDATA[_menu_item_target]]></wp:meta_key>
			<wp:meta_value><![CDATA[]]></wp:meta_value>
		</wp:postmeta>
		<wp:postmeta>
			<wp:meta_key><![CDATA[_menu_item_classes]]></wp:meta_key>
			<wp:meta_value><![CDATA[a:1:{i:0;s:0:"";}]]></wp:meta_value>
		</wp:postmeta>
		<wp:postmeta>
			<wp:meta_key><![CDATA[_menu_item_xfn]]></wp:meta_key>
			<wp:meta_value><![CDATA[]]></wp:meta_value>
		</wp:postmeta>
		<wp:postmeta>
			<wp:meta_key><![CDATA[_menu_item_url]]></wp:meta_key>
			<wp:meta_value><![CDATA[#contact]]></wp:meta_value>
		</wp:postmeta>
	</item>
</channel>
</rss>
